7321,sz000002,万科A,,
7322,sz002064,华峰氨纶,,
7323,sz002596,海南瑞泽,,
7324,sz300182,捷成股份,,
7325,sz300720,海川智能,,
7326,sh600570,恒生电子,,
7327,sh601985,中国核电,,
7328,sz000004,国农科技,,
7329,sz002065,东华软件,,
7330,sz002597,金禾实业,,
7331,sz300183,东软载波,,
7332,sz300721,怡达股份,,
7333,sh600571,信雅达,,
7334,sh601988,中国银行,,
7335,sz000005,世纪星源,,
7336,sz002066,瑞泰科技,,
7337,sz002598,山东章鼓,,
7338,sz300184,力源信息,,
7339,sz300722,新余国科,,
7340,sh600572,康恩贝,,
7341,sh601989,中国重工,,
7342,sz000006,深振业A,,
7343,sz002067,景兴纸业,,
7344,sz002599,盛通股份,,
7345,sz300185,通裕重工,,
7346,sz300723,一品红,,
7347,sh600573,惠泉啤酒,,
7348,sh601990,南京证券,,
7349,sz000007,全新好,,
7350,sz002068,黑猫股份,,
7351,sz002600,领益智造,,
7352,sz300187,永清环保,,
7353,sz300724,捷佳伟创,,
7354,sh600575,淮河能源,,
7355,sh601991,大唐发电,,
7356,sz000008,神州高铁,,
7357,sz002069,獐子岛,,
7358,sz002601,龙蟒佰利,,
7359,sz300188,美亚柏科,,
7360,sz300725,药石科技,,
7361,sh600576,祥源文化,,
7362,sh601992,金隅集团,,
7363,sz000009,中国宝安,,
7365,sz002602,世纪华通,,
7366,sz300189,神农科技,,
7367,sz300726,宏达电子,,
7368,sh600577,精达股份,,
7369,sh601996,丰林集团,,
7370,sz000010,*ST美丽,,
7371,sz002071,长城影视,,
7372,sz002603,以岭药业,,
7373,sz300190,维尔利,,
7374,sz300727,润禾材料,,
7375,sh600578,京能电力,,
7376,sh601997,贵阳银行,,
7377,sz000011,深物业A,,
7378,sz002072,*ST凯瑞,,
7380,sz300191,潜能恒信,,
7382,sh600579,克劳斯,,
7383,sh601998,中信银行,,
7384,sz000012,南玻A,,
7385,sz002073,软控股份,,
7386,sz002605,姚记科技,,
7387,sz300192,科斯伍德,,
7388,sz300729,乐歌股份,,
7389,sh600580,卧龙电驱,,
7390,sh601999,出版传媒,,
7391,sz000014,沙河股份,,
7392,sz002074,国轩高科,,
7393,sz002606,大连电瓷,,
7394,sz300193,佳士科技,,
7395,sz300730,科创信息,,
7396,sh600581,八一钢铁,,
7397,sh603000,人民网,,
7398,sz000016,深康佳A,,
7399,sz002075,沙钢股份,,
7400,sz002607,中公教育,,
7401,sz300194,福安药业,,
7402,sz300731,科创新源,,
7403,sh600582,天地科技,,
7404,sh603001,奥康国际,,
7405,sz000017,深中华A,,
7406,sz002076,雪莱特,,
7407,sz002608,江苏国信,,
7408,sz300195,长荣股份,,
7409,sz300732,设研院,,
7410,sh600583,海油工程,,
7411,sh603002,宏昌电子,,
7413,sz002077,大港股份,,
7414,sz002609,捷顺科技,,
7415,sz300196,长海股份,,
7416,sz300733,西菱动力,,
7417,sh600584,长电科技,,
7418,sh603003,龙宇燃油,,
7419,sz000019,深粮控股,,
7420,sz002078,太阳纸业,,
7421,sz002610,爱康科技,,
7422,sz300197,铁汉生态,,
7423,sz300735,光弘科技,,
7424,sh600585,海螺水泥,,
7425,sh603005,晶方科技,,
7426,sz000020,深华发A,,
7427,sz002079,苏州固锝,,
7428,sz002611,东方精工,,
7429,sz300198,纳川股份,,
7430,sz300736,百邦科技,,
7431,sh600586,金晶科技,,
7432,sh603006,联明股份,,
7433,sz000021,深科技,,
7434,sz002080,中材科技,,
7435,sz002612,朗姿股份,,
7436,sz300199,翰宇药业,,
7437,sz300737,科顺股份,,
7438,sh600587,新华医疗,,
7439,sh603007,花王股份,,
7440,sz000023,深天地A,,
7441,sz002081,金螳螂,,
7442,sz002613,北玻股份,,
7443,sz300200,高盟新材,,
7444,sz300738,奥飞数据,,
7445,sh600588,用友网络,,
7446,sh603008,喜临门,,
7447,sz000025,特力A,,
7448,sz002082,万邦德,,
7449,sz002614,奥佳华,,
7450,sz300201,海伦哲,,
7451,sz300739,明阳电路,,
7452,sh600589,广东榕泰,,
7453,sh603009,北特科技,,
7454,sz000026,飞亚达,,
7455,sz002083,孚日股份,,
7456,sz002615,哈尔斯,,
7457,sz300202,聚龙股份,,
7458,sz300740,御家汇,,
7459,sh600590,泰豪科技,,
7460,sh603010,万盛股份,,
7461,sz000027,深圳能源,,
7462,sz002084,海鸥住工,,
7463,sz002616,长青集团,,
7464,sz300203,聚光科技,,
7465,sz300741,华宝股份,,
7466,sh600592,龙溪股份,,
7467,sh603011,合锻智能,,
7468,sz000028,国药一致,,
7469,sz002085,万丰奥威,,
7470,sz002617,露笑科技,,
7471,sz300204,舒泰神,,
7472,sz300742,越博动力,,
7473,sh600593,大连圣亚,,
7474,sh603012,创力集团,,
7475,sz000029,深深房A,,
7476,sz002086,ST东海洋,,
7477,sz002618,丹邦科技,,
7478,sz300205,天喻信息,,
7479,sz300743,天地数码,,
7480,sh600594,益佰制药,,
7481,sh603013,亚普股份,,
7482,sz000030,富奥股份,,
7483,sz002087,新野纺织,,
7484,sz002619,艾格拉斯,,
7485,sz300206,理邦仪器,,
7486,sz300745,欣锐科技,,
7487,sh600595,*ST中孚,,
7488,sh603015,弘讯科技,,
7489,sz000031,大悦城,,
7490,sz002088,鲁阳节能,,
7491,sz002620,瑞和股份,,
7492,sz300207,欣旺达,,
7493,sz300746,汉嘉设计,,
7494,sh600596,新安股份,,
7495,sh603016,新宏泰,,
7496,sz000032,深桑达A,,
7497,sz002089,*ST新海,,
7498,sz002621,美吉姆,,
7499,sz300208,青岛中程,,
7500,sz300747,锐科激光,,
7501,sh600597,光明乳业,,
7502,sh603017,中衡设计,,
7504,sz002090,金智科技,,
7505,sz002622,融钰集团,,
7506,sz300209,天泽信息,,
7507,sz300748,金力永磁,,
7508,sh600598,北大荒,,
7509,sh603018,中设集团,,
7510,sz000034,神州数码,,
7511,sz002091,江苏国泰,,
7512,sz002623,亚玛顿,,
7513,sz300210,森远股份,,
7514,sz300749,顶固集创,,
7515,sh600599,熊猫金控,,
7516,sh603019,中科曙光,,
7517,sz000035,中国天楹,,
7518,sz002092,中泰化学,,
7519,sz002624,完美世界,,
7520,sz300211,亿通科技,,
7521,sz300750,宁德时代,,
7522,sh600600,青岛啤酒,,
7523,sh603020,爱普股份,,
7524,sz000036,华联控股,,
7525,sz002093,国脉科技,,
7526,sz002625,光启技术,,
7527,sz300212,易华录,,
7528,sz300751,迈为股份,,
7529,sh600601,方正科技,,
7530,sh603021,山东华鹏,,
7531,sz000037,深南电A,,
7532,sz002094,青岛金王,,
7533,sz002626,金达威,,
7534,sz300213,佳讯飞鸿,,
7535,sz300752,隆利科技,,
7536,sh600602,云赛智联,,
7537,sh603022,新通联,,
7538,sz000038,深大通,,
7539,sz002095,生意宝,,
7540,sz002627,宜昌交运,,
7541,sz300214,日科化学,,
7542,sz300753,爱朋医疗,,
7543,sh600603,广汇物流,,
7544,sh603023,威帝股份,,
7545,sz000039,中集集团,,
7546,sz002096,南岭民爆,,
7547,sz002628,成都路桥,,
7548,sz300215,电科院,,
7549,sz300755,华致酒行,,
7550,sh600604,市北高新,,
7551,sh603025,大豪科技,,
7552,sz000040,东旭蓝天,,
7553,sz002097,山河智能,,
7554,sz002629,*ST仁智,,
7556,sz300756,中山金马,,
7557,sh600605,汇通能源,,
7558,sh603026,石大胜华,,
7559,sz000042,中洲控股,,
7560,sz002098,浔兴股份,,
7561,sz002630,华西能源,,
7562,sz300217,东方电热,,
7563,sz300757,罗博特科,,
7564,sh600606,绿地控股,,
7565,sh603027,千禾味业,,
7567,sz002099,海翔药业,,
7568,sz002631,德尔未来,,
7569,sz300218,安利股份,,
7570,sz300758,七彩化学,,
7571,sh600608,ST沪科,,
7572,sh603028,赛福天,,
7573,sz000045,深纺织A,,
7574,sz002100,天康生物,,
7575,sz002632,道明光学,,
7576,sz300219,鸿利智汇,,
7577,sz300759,康龙化成,,
7578,sh600609,金杯汽车,,
7579,sh603029,天鹅股份,,
7580,sz000046,泛海控股,,
7581,sz002101,广东鸿图,,
7582,sz002633,申科股份,,
7583,sz300220,金运激光,,
7584,sz300760,迈瑞医疗,,
7585,sh600610,*ST毅达,,
7586,sh603030,全筑股份,,
7587,sz000048,康达尔,,
7588,sz002102,ST冠福,,
7589,sz002634,棒杰股份,,
7590,sz300221,银禧科技,,
7591,sz300761,立华股份,,
7592,sh600611,大众交通,,
7593,sh603031,安德利,,
7594,sz000049,德赛电池,,
7595,sz002103,广博股份,,
7596,sz002635,安洁科技,,
7597,sz300222,科大智能,,
7598,sz300762,上海瀚讯,,
7599,sh600612,老凤祥,,
7600,sh603032,德新交运,,
7601,sz000050,深天马A,,
7602,sz002104,恒宝股份,,
7603,sz002636,金安国纪,,
7604,sz300223,北京君正,,
7605,sz300763,锦浪科技,,
7606,sh600613,神奇制药,,
7607,sh603033,三维股份,,
7608,sz000055,方大集团,,
7609,sz002105,信隆健康,,
7610,sz002637,赞宇科技,,
7611,sz300224,正海磁材,,
7612,sz300765,新诺威,,
7614,sh603035,常熟汽饰,,
7615,sz000056,皇庭国际,,
7616,sz002106,莱宝高科,,
7617,sz002638,勤上股份,,
7618,sz300225,金力泰,,
7619,sz300766,每日互动,,
7620,sh600615,丰华股份,,
7621,sh603036,如通股份,,
7622,sz000058,深赛格,,
7623,sz002107,沃华医药,,
7624,sz002639,雪人股份,,
7625,sz300226,上海钢联,,
7626,sz300767,震安科技,,
7627,sh600616,金枫酒业,,
7628,sh603037,凯众股份,,
7629,sz000059,华锦股份,,
7630,sz002108,沧州明珠,,
7631,sz002640,跨境通,,
7632,sz300227,光韵达,,
7633,sz300768,迪普科技,,
7634,sh600617,国新能源,,
7635,sh603038,华立股份,,
7636,sz000060,中金岭南,,
7637,sz002109,兴化股份,,
7638,sz002641,永高股份,,
7639,sz300228,富瑞特装,,
7640,sz300769,德方纳米,,
7641,sh600618,氯碱化工,,
7642,sh603039,泛微网络,,
7643,sz000061,农产品,,
7644,sz002110,三钢闽光,,
7645,sz002642,*ST荣联,,
7646,sz300229,拓尔思,,
7647,sz300770,新媒股份,,
7648,sh600619,海立股份,,
7649,sh603040,新坐标,,
7650,sz000062,深圳华强,,
7651,sz002111,威海广泰,,
7652,sz002643,万润股份,,
7653,sz300230,永利股份,,
7654,sz300771,智莱科技,,
7655,sh600620,天宸股份,,
7656,sh603041,美思德,,
7657,sz000063,中兴通讯,,
7658,sz002112,三变科技,,
7659,sz002644,佛慈制药,,
7660,sz300231,银信科技,,
7661,sz300772,运达股份,,
7662,sh600621,华鑫股份,,
7663,sh603042,华脉科技,,
7664,sz000065,北方国际,,
7665,sz002113,ST天润,,
7666,sz002645,华宏科技,,
7667,sz300232,洲明科技,,
7668,sz300773,拉卡拉,,
7669,sh600622,光大嘉宝,,
7670,sh603043,广州酒家,,
7671,sz000066,中国长城,,
7672,sz002114,罗平锌电,,
7673,sz002646,青青稞酒,,
7674,sz300233,金城医药,,
7675,sz300775,三角防务,,
7676,sh600623,华谊集团,,
7677,sh603045,福达合金,,
7678,sz000068,华控赛格,,
7679,sz002115,三维通信,,
7680,sz002647,仁东控股,,
7681,sz300234,开尔新材,,
7682,sz300776,帝尔激光,,
7683,sh600624,复旦复华,,
7684,sh603050,科林电气,,
7685,sz000069,华侨城A,,
7686,sz002116,中国海诚,,
7687,sz002648,卫星石化,,
7688,sz300235,方直科技,,
7689,sz300777,中简科技,,
7690,sh600626,申达股份,,
7691,sh603055,台华新材,,
7692,sz000070,特发信息,,
7693,sz002117,东港股份,,
7694,sz002649,博彦科技,,
7695,sz300236,上海新阳,,
7696,sz300778,新城市,,
7697,sh600628,新世界,,
7698,sh603056,德邦股份,,
7699,sz000078,海王生物,,
7700,sz002118,紫鑫药业,,
7701,sz002650,加加食品,,
7702,sz300237,美晨生态,,
7703,sz300779,惠城环保,,
7704,sh600629,华建集团,,
7705,sh603058,永吉股份,,
7706,sz000088,盐田港,,
7707,sz002119,康强电子,,
7708,sz002651,利君股份,,
7709,sz300238,冠昊生物,,
7710,sz300780,德恩精工,,
7711,sh600630,龙头股份,,
7712,sh603059,倍加洁,,
7713,sz000089,深圳机场,,
7714,sz002120,韵达股份,,
7715,sz002652,扬子新材,,
7716,sz300239,东宝生物,,
7717,sz300781,因赛集团,,
7718,sh600633,浙数文化,,
7719,sh603060,国检集团,,
7720,sz000090,天健集团,,
7721,sz002121,科陆电子,,
7722,sz002653,海思科,,
7723,sz300240,飞力达,,
7724,sz300782,卓胜微,,
7726,sh603063,禾望电气,,
7727,sz000096,广聚能源,,
7728,sz002122,*ST天马,,
7729,sz002654,万润科技,,
7730,sz300241,瑞丰光电,,
7731,sz300783,三只松鼠,,
7732,sh600635,大众公用,,
7733,sh603066,音飞储存,,
7734,sz000099,中信海直,,
7735,sz002123,梦网集团,,
7736,sz002655,共达电声,,
7737,sz300242,佳云科技,,
7738,sz300785,值得买,,
7739,sh600636,三爱富,,
7740,sh603067,振华股份,,
7741,sz000100,TCL科技,,
7742,sz002124,天邦股份,,
7743,sz002656,ST摩登,,
7744,sz300243,瑞丰高材,,
7745,sz300786,国林科技,,
7746,sh600637,东方明珠,,
7747,sh603068,博通集成,,
7748,sz000150,宜华健康,,
7749,sz002125,湘潭电化,,
7750,sz002657,中科金财,,
7751,sz300244,迪安诊断,,
7752,sz300787,海能实业,,
7753,sh600638,新黄浦,,
7754,sh603069,海汽集团,,
7755,sz000151,中成股份,,
7756,sz002126,银轮股份,,
7757,sz002658,雪迪龙,,
7758,sz300245,天玑科技,,
7759,sz300788,中信出版,,
7760,sh600639,浦东金桥,,
7761,sh603076,乐惠国际,,
7762,sz000153,丰原药业,,
7763,sz002127,南极电商,,
7764,sz002659,凯文教育,,
7765,sz300246,宝莱特,,
7766,sz300789,唐源电气,,
7767,sh600640,号百控股,,
7768,sh603077,和邦生物,,
7769,sz000155,川能动力,,
7770,sz002128,露天煤业,,
7771,sz002660,茂硕电源,,
7772,sz300247,融捷健康,,
7773,sz300790,宇瞳光学,,
7774,sh600641,万业企业,,
7775,sh603078,江化微,,
7776,sz000156,华数传媒,,
7777,sz002129,中环股份,,
7778,sz002661,克明面业,,
7779,sz300248,新开普,,
7780,sh600000,浦发银行,,
7781,sh600642,申能股份,,
7782,sh603079,圣达生物,,
7783,sz000157,中联重科,,
7784,sz002130,沃尔核材,,
7785,sz002662,京威股份,,
7786,sz300249,依米康,,
7787,sh600004,白云机场,,
7788,sh600643,爱建集团,,
7789,sh603080,新疆火炬,,
7790,sz000158,常山北明,,
7791,sz002131,利欧股份,,
7792,sz002663,普邦股份,,
7793,sz300250,初灵信息,,
7794,sh600005,武钢股份,,
7795,sh600644,乐山电力,,
7796,sh603081,大丰实业,,
7797,sz000159,国际实业,,
7798,sz002132,恒星科技,,
7799,sz002664,长鹰信质,,
7800,sz300251,光线传媒,,
7801,sh600006,东风汽车,,
7802,sh600645,中源协和,,
7803,sh603083,剑桥科技,,
7804,sz000166,申万宏源,,
7805,sz002133,广宇集团,,
7806,sz002665,首航高科,,
7807,sz300252,金信诺,,
7808,sh600007,中国国贸,,
7809,sh600647,同达创业,,
7810,sh603085,天成自控,,
7811,sz000301,东方盛虹,,
7812,sz002134,天津普林,,
7813,sz002666,德联集团,,
7814,sz300253,卫宁健康,,
7815,sh600008,首创股份,,
7816,sh600648,外高桥,,
7817,sh603086,先达股份,,
7818,sz000333,美的集团,,
7819,sz002135,东南网架,,
7820,sz002667,鞍重股份,,
7821,sz300254,仟源医药,,
7822,sh600009,上海机场,,
7823,sh600649,城投控股,,
7824,sh603088,宁波精达,,
7825,sz000338,潍柴动力,,
7826,sz002136,安纳达,,
7827,sz002668,奥马电器,,
7828,sz300255,常山药业,,
7829,sh600010,包钢股份,,
7830,sh600650,锦江投资,,
7831,sh603089,正裕工业,,
7832,sz000400,许继电气,,
7833,sz002137,麦达数字,,
7834,sz002669,康达新材,,
7835,sz300256,星星科技,,
7836,sh600011,华能国际,,
7837,sh600651,飞乐音响,,
7838,sh603090,宏盛股份,,
7839,sz000401,冀东水泥,,
7840,sz002138,顺络电子,,
7841,sz002670,国盛金控,,
7842,sz300257,开山股份,,
7843,sh600012,皖通高速,,
7844,sh600652,*ST游久,,
7845,sh603093,南华期货,,
7846,sz000402,金融街,,
7847,sz002139,拓邦股份,,
7848,sz002671,龙泉股份,,
7849,sz300258,精锻科技,,
7850,sh600015,华夏银行,,
7851,sh600653,申华控股,,
7852,sh603096,新经典,,
7853,sz000403,双林生物,,
7854,sz002140,东华科技,,
7855,sz002672,东江环保,,
7856,sz300259,新天科技,,
7857,sh600016,民生银行,,
7858,sh600654,*ST中安,,
7859,sh603098,森特股份,,
7860,sz000404,长虹华意,,
7861,sz002141,贤丰控股,,
7862,sz002673,西部证券,,
7863,sz300260,新莱应材,,
7864,sh600017,日照港,,
7865,sh600655,豫园股份,,
7866,sh603099,长白山,,
7867,sz000407,胜利股份,,
7868,sz002142,宁波银行,,
7869,sz002674,兴业科技,,
7870,sz300261,雅本化学,,
7871,sh600018,上港集团,,
7872,sh600657,信达地产,,
7873,sh603100,川仪股份,,
7874,sz000408,藏格控股,,
7876,sz002675,东诚药业,,
7877,sz300262,巴安水务,,
7878,sh600019,宝钢股份,,
7879,sh600658,电子城,,
7880,sh603101,汇嘉时代,,
7881,sz000409,ST地矿,,
7882,sz002144,宏达高科,,
7883,sz002676,顺威股份,,
7884,sz300263,隆华科技,,
7885,sh600020,中原高速,,
7886,sh600660,福耀玻璃,,
7887,sh603103,横店影视,,
7888,sz000410,*ST沈机,,
7889,sz002145,中核钛白,,
7890,sz002677,浙江美大,,
7891,sz300264,佳创视讯,,
7892,sh600021,上海电力,,
7893,sh600661,昂立教育,,
7894,sh603105,芯能科技,,
7895,sz000411,英特集团,,
7896,sz002146,荣盛发展,,
7897,sz002678,珠江钢琴,,
7898,sz300265,通光线缆,,
7899,sh600022,山东钢铁,,
7900,sh600662,强生控股,,
7901,sh603106,恒银金融,,
7902,sz000413,东旭光电,,
7903,sz002147,ST新光,,
7904,sz002679,福建金森,,
7905,sz300266,兴源环境,,
7906,sh600023,浙能电力,,
7907,sh600663,陆家嘴,,
7908,sh603108,润达医疗,,
7909,sz000415,渤海租赁,,
7910,sz002148,北纬科技,,
7912,sz300267,尔康制药,,
7913,sh600025,华能水电,,
7914,sh600664,哈药股份,,
7915,sh603110,东方材料,,
7916,sz000416,民生控股,,
7917,sz002149,西部材料,,
7918,sz002681,奋达科技,,
7919,sz300268,佳沃股份,,
7920,sh600026,中远海能,,
7921,sh600665,天地源,,
7922,sh603111,康尼机电,,
7923,sz000417,合肥百货,,
7924,sz002150,通润装备,,
7925,sz002682,龙洲股份,,
7926,sz300269,联建光电,,
7927,sh600027,华电国际,,
7928,sh600666,*ST瑞德,,
7929,sh603113,金能科技,,
7930,sz000418,小天鹅A,,
7931,sz002151,北斗星通,,
7932,sz002683,宏大爆破,,
7933,sz300270,中威电子,,
7934,sh600028,中国石化,,
7935,sh600667,太极实业,,
7936,sh603115,海星股份,,
7937,sz000419,通程控股,,
7938,sz002152,广电运通,,
7939,sz002684,*ST猛狮,,
7940,sz300271,华宇软件,,
7941,sh600029,南方航空,,
7942,sh600668,尖峰集团,,
7943,sh603116,红蜻蜓,,
7944,sz000420,吉林化纤,,
7945,sz002153,石基信息,,
7946,sz002685,华东重机,,
7947,sz300272,开能健康,,
7948,sh600030,中信证券,,
7949,sh600671,天目药业,,
7950,sh603117,万林物流,,
7951,sz000421,南京公用,,
7952,sz002154,报喜鸟,,
7953,sz002686,亿利达,,
7954,sz300273,和佳股份,,
7955,sh600031,三一重工,,
7956,sh600673,东阳光,,
7957,sh603118,共进股份,,
7958,sz000422,ST宜化,,
7959,sz002155,湖南黄金,,
7960,sz002687,乔治白,,
7961,sz300274,阳光电源,,
7962,sh600033,福建高速,,
7963,sh600674,川投能源,,
7964,sh603121,华培动力,,
7965,sz000423,东阿阿胶,,
7966,sz002156,通富微电,,
7967,sz002688,金河生物,,
7968,sz300275,梅安森,,
7969,sh600035,楚天高速,,
7970,sh600675,中华企业,,
7971,sh603123,翠微股份,,
7972,sz000425,徐工机械,,
7973,sz002157,正邦科技,,
7974,sz002689,远大智能,,
7975,sz300276,三丰智能,,
7976,sh600036,招商银行,,
7977,sh600676,交运股份,,
7978,sh603126,中材节能,,
7979,sz000426,兴业矿业,,
7980,sz002158,汉钟精机,,
7981,sz002690,美亚光电,,
7982,sz300277,海联讯,,
7983,sh600037,歌华有线,,
7985,sh603127,昭衍新药,,
7986,sz000428,华天酒店,,
7987,sz002159,三特索道,,
7988,sz002691,冀凯股份,,
7989,sz300278,华昌达,,
7990,sh600038,中直股份,,
7991,sh600678,四川金顶,,
7992,sh603128,华贸物流,,
7993,sz000429,粤高速A,,
7994,sz002160,常铝股份,,
7995,sz002692,ST远程,,
7996,sz300279,和晶科技,,
7997,sh600039,四川路桥,,
7998,sh600679,上海凤凰,,
7999,sh603129,春风动力,,
8000,sz000430,张家界,,
8001,sz002161,远望谷,,
8002,sz002693,双成药业,,
8003,sz300280,紫天科技,,
8004,sh600048,保利地产,,
8006,sh603131,上海沪工,,
8007,sz000488,晨鸣纸业,,
8008,sz002162,悦心健康,,
8009,sz002694,顾地科技,,
8010,sz300281,金明精机,,
8011,sh600050,中国联通,,
8012,sh600681,百川能源,,
8013,sh603133,碳元科技,,
8014,sz000498,山东路桥,,
8015,sz002163,中航三鑫,,
8016,sz002695,煌上煌,,
8017,sz300282,三盛教育,,
8018,sh600051,宁波联合,,
8019,sh600682,南京新百,,
8020,sh603136,天目湖,,
8021,sz000501,鄂武商A,,
8022,sz002164,宁波东力,,
8023,sz002696,百洋股份,,
8024,sz300283,温州宏丰,,
8025,sh600052,浙江广厦,,
8026,sh600683,京投发展,,
8027,sh603138,海量数据,,
8028,sz000502,绿景控股,,
8029,sz002165,红宝丽,,
8030,sz002697,红旗连锁,,
8031,sz300284,苏交科,,
8032,sh600053,九鼎投资,,
8033,sh600684,珠江实业,,
8034,sh603139,康惠制药,,
8035,sz000503,国新健康,,
8036,sz002166,莱茵生物,,
8037,sz002698,博实股份,,
8038,sz300285,国瓷材料,,
8039,sh600054,黄山旅游,,
8040,sh600685,中船防务,,
8041,sh603156,养元饮品,,
8042,sz000504,*ST生物,,
8043,sz002167,东方锆业,,
8044,sz002699,美盛文化,,
8045,sz300286,安科瑞,,
8046,sh600055,万东医疗,,
8047,sh600687,*ST刚泰,,
8048,sh603157,拉夏贝尔,,
8049,sz000505,京粮控股,,
8050,sz002168,惠程科技,,
8051,sz002700,新疆浩源,,
8052,sz300287,飞利信,,
8053,sh600056,中国医药,,
8054,sh600688,上海石化,,
8055,sh603158,腾龙股份,,
8056,sz000506,中润资源,,
8057,sz002169,智光电气,,
8058,sz002701,奥瑞金,,
8059,sz300288,朗玛信息,,
8060,sh600057,厦门象屿,,
8061,sh600689,上海三毛,,
8062,sh603159,上海亚虹,,
8063,sz000507,珠海港,,
8064,sz002170,芭田股份,,
8065,sz002702,海欣食品,,
8066,sz300289,利德曼,,
8067,sh600058,五矿发展,,
8068,sh600690,海尔智家,,
8069,sh603160,汇顶科技,,
8070,sz000509,华塑控股,,
8071,sz002171,楚江新材,,
8072,sz002703,浙江世宝,,
8073,sz300290,荣科科技,,
8074,sh600059,古越龙山,,
8075,sh600691,阳煤化工,,
8076,sh603161,科华控股,,
8077,sz000510,新金路,,
8078,sz002172,澳洋健康,,
8079,sz002705,新宝股份,,
8080,sz300291,华录百纳,,
8081,sh600060,海信视像,,
8082,sh600692,亚通股份,,
8083,sh603165,荣晟环保,,
8085,sz002173,创新医疗,,
8086,sz002706,良信电器,,
8087,sz300292,吴通控股,,
8088,sh600061,国投资本,,
8089,sh600693,东百集团,,
8090,sh603166,福达股份,,
8091,sz000513,丽珠集团,,
8092,sz002174,游族网络,,
8093,sz002707,众信旅游,,
8094,sz300293,蓝英装备,,
8095,sh600062,华润双鹤,,
8096,sh600694,大商股份,,
8097,sh603167,渤海轮渡,,
8098,sz000514,渝开发,,
8099,sz002175,*ST东网,,
8100,sz002708,光洋股份,,
8101,sz300294,博雅生物,,
8102,sh600063,皖维高新,,
8103,sh600695,绿庭投资,,
8104,sh603168,莎普爱思,,
8105,sz000516,国际医学,,
8106,sz002176,江特电机,,
8107,sz002709,天赐材料,,
8108,sz300295,三六五网,,
8109,sh600064,南京高科,,
8110,sh600696,ST岩石,,
8111,sh603169,兰石重装,,
8112,sz000517,荣安地产,,
8113,sz002177,御银股份,,
8115,sz300296,利亚德,,
8116,sh600066,宇通客车,,
8117,sh600697,欧亚集团,,
8118,sh603177,德创环保,,
8119,sz000518,四环生物,,
8120,sz002178,延华智能,,
8122,sz300297,蓝盾股份,,
8123,sh600067,冠城大通,,
8124,sh600698,*ST天雁,,
8125,sh603178,圣龙股份,,
8126,sz000519,中兵红箭,,
8127,sz002179,中航光电,,
8128,sz002712,思美传媒,,
8129,sz300298,三诺生物,,
8130,sh600068,葛洲坝,,
8131,sh600699,均胜电子,,
8132,sh603179,新泉股份,,
8133,sz000520,长航凤凰,,
8134,sz002180,纳思达,,
8135,sz002713,东易日盛,,
8136,sz300299,富春股份,,
8139,sh603180,金牌厨柜,,
8140,sz000521,长虹美菱,,
8141,sz002181,粤传媒,,
8142,sz002714,牧原股份,,
8143,sz300300,汉鼎宇佑,,
8144,sh600070,浙江富润,,
8145,sh600702,舍得酒业,,
8146,sh603181,皇马科技,,
8147,sz000523,广州浪奇,,
8148,sz002182,云海金属,,
8149,sz002715,登云股份,,
8150,sz300301,长方集团,,
8151,sh600071,凤凰光学,,
8152,sh600703,三安光电,,
8153,sh603183,建研院,,
8154,sz000524,岭南控股,,
8155,sz002183,怡亚通,,
8156,sz002716,ST金贵,,
8157,sz300302,同有科技,,
8158,sh600072,中船科技,,
8159,sh600704,物产中大,,
8160,sh603185,上机数控,,
8161,sz000525,红太阳,,
8162,sz002184,海得控制,,
8163,sz002717,岭南股份,,
8164,sz300303,聚飞光电,,
8165,sh600073,上海梅林,,
8166,sh600705,中航资本,,
8167,sh603186,华正新材,,
8168,sz000526,紫光学大,,
8169,sz002185,华天科技,,
8170,sz002718,友邦吊顶,,
8171,sz300304,云意电气,,
8173,sh600706,曲江文旅,,
8174,sh603187,海容冷链,,
8175,sz000528,柳工,,
8176,sz002186,全聚德,,
8177,sz002719,麦趣尔,,
8178,sz300305,裕兴股份,,
8179,sh600075,新疆天业,,
8180,sh600707,彩虹股份,,
8181,sh603188,ST亚邦,,
8182,sz000529,广弘控股,,
8183,sz002187,广百股份,,
8185,sz300306,远方信息,,
8186,sh600076,康欣新材,,
8187,sh600708,光明地产,,
8188,sh603189,网达软件,,
8189,sz000530,大冷股份,,
8190,sz002188,*ST巴士,,
8191,sz002721,金一文化,,
8192,sz300307,慈星股份,,
8193,sh600077,宋都股份,,
8194,sh600710,苏美达,,
8195,sh603192,汇得科技,,
8196,sz000531,穗恒运A,,
8197,sz002189,中光学,,
8198,sz002722,金轮股份,,
8199,sz300308,中际旭创,,
8200,sh600078,澄星股份,,
8201,sh600711,盛屯矿业,,
8202,sh603196,日播时尚,,
8203,sz000532,华金资本,,
8204,sz002190,*ST集成,,
8205,sz002723,金莱特,,
8206,sz300309,吉艾科技,,
8207,sh600079,人福医药,,
8208,sh600712,南宁百货,,
8209,sh603197,保隆科技,,
8210,sz000533,顺钠股份,,
8211,sz002191,劲嘉股份,,
8212,sz002724,海洋王,,
8213,sz300310,宜通世纪,,
8214,sh600080,金花股份,,
8215,sh600713,南京医药,,
8216,sh603198,迎驾贡酒,,
8217,sz000534,万泽股份,,
8218,sz002192,融捷股份,,
8219,sz002725,跃岭股份,,
8220,sz300311,任子行,,
8221,sh600081,东风科技,,
8222,sh600714,金瑞矿业,,
8223,sh603199,九华旅游,,
8224,sz000536,华映科技,,
8225,sz002193,如意集团,,
8226,sz002726,龙大肉食,,
8227,sz300312,邦讯技术,,
8228,sh600082,海泰发展,,
8229,sh600715,文投控股,,
8230,sh603200,上海洗霸,,
8231,sz000537,广宇发展,,
8232,sz002194,武汉凡谷,,
8233,sz002727,一心堂,,
8234,sz300313,天山生物,,
8235,sh600083,博信股份,,
8236,sh600716,凤凰股份,,
8237,sh603203,快克股份,,
8238,sz000538,云南白药,,
8239,sz002195,二三四五,,
8240,sz002728,特一药业,,
8241,sz300314,戴维医疗,,
8242,sh600084,*ST中葡,,
8243,sh600717,天津港,,
8244,sh603208,江山欧派,,
8245,sz000539,粤电力A,,
8246,sz002196,方正电机,,
8247,sz002729,好利来,,
8248,sz300315,掌趣科技,,
8249,sh600085,同仁堂,,
8250,sh600718,东软集团,,
8251,sh603214,爱婴室,,
8252,sz000540,中天金融,,
8253,sz002197,证通电子,,
8254,sz002730,电光科技,,
8255,sz300316,晶盛机电,,
8256,sh600086,东方金钰,,
8257,sh600719,大连热电,,
8258,sh603217,元利科技,,
8259,sz000541,佛山照明,,
8260,sz002198,嘉应制药,,
8261,sz002731,萃华珠宝,,
8262,sz300317,珈伟新能,,
8263,sh600088,中视传媒,,
8264,sh600720,祁连山,,
8265,sh603218,日月股份,,
8266,sz000543,皖能电力,,
8267,sz002199,东晶电子,,
8268,sz002732,燕塘乳业,,
8269,sz300318,博晖创新,,
8270,sh600089,特变电工,,
8271,sh600721,*ST百花,,
8272,sh603220,中贝通信,,
8273,sz000544,中原环保,,
8274,sz002200,*ST云投,,
8275,sz002733,雄韬股份,,
8276,sz300319,麦捷科技,,
8277,sh600090,同济堂,,
8278,sh600722,金牛化工,,
8279,sh603222,济民制药,,
8280,sz000545,金浦钛业,,
8281,sz002201,九鼎新材,,
8282,sz002734,利民股份,,
8283,sz300320,海达股份,,
8284,sh600091,ST明科,,
8285,sh600723,首商股份,,
8286,sh603223,恒通股份,,
8287,sz000546,金圆股份,,
8288,sz002202,金风科技,,
8289,sz002735,王子新材,,
8290,sz300321,同大股份,,
8291,sh600093,易见股份,,
8292,sh600724,宁波富达,,
8293,sh603225,新凤鸣,,
8294,sz000547,航天发展,,
8295,sz002203,海亮股份,,
8296,sz002736,国信证券,,
8297,sz300322,硕贝德,,
8298,sh600094,大名城,,
8299,sh600725,ST云维,,
8300,sh603226,菲林格尔,,
8301,sz000548,湖南投资,,
8302,sz002204,大连重工,,
8303,sz002737,葵花药业,,
8304,sz300323,华灿光电,,
8305,sh600095,哈高科,,
8306,sh600726,*ST华源,,
8307,sh603227,雪峰科技,,
8308,sz000550,江铃汽车,,
8309,sz002205,国统股份,,
8310,sz002738,中矿资源,,
8311,sz300324,旋极信息,,
8312,sh600096,云天化,,
8313,sh600727,鲁北化工,,
8314,sh603228,景旺电子,,
8315,sz000551,创元科技,,
8316,sz002206,海利得,,
8317,sz002739,万达电影,,
8318,sz300325,德威新材,,
8319,sh600097,开创国际,,
8320,sh600728,佳都科技,,
8321,sh603229,奥翔药业,,
8322,sz000552,靖远煤电,,
8323,sz002207,ST准油,,
8324,sz002740,爱迪尔,,
8325,sz300326,凯利泰,,
8326,sh600098,广州发展,,
8327,sh600729,重庆百货,,
8328,sh603232,格尔软件,,
8329,sz000553,安道麦A,,
8330,sz002208,合肥城建,,
8331,sz002741,光华科技,,
8332,sz300327,中颖电子,,
8333,sh600099,林海股份,,
8334,sh600730,中国高科,,
8335,sh603233,大参林,,
8336,sz000554,泰山石油,,
8337,sz002209,达意隆,,
8338,sz002742,三圣股份,,
8339,sz300328,宜安科技,,
8340,sh600100,同方股份,,
8341,sh600731,湖南海利,,
8342,sh603236,移远通信,,
8343,sz000555,神州信息,,
8344,sz002210,*ST飞马,,
8345,sz002743,富煌钢构,,
8346,sz300329,海伦钢琴,,
8347,sh600101,明星电力,,
8348,sh600732,ST爱旭,,
8349,sh603238,诺邦股份,,
8350,sz000557,西部创业,,
8351,sz002211,宏达新材,,
8352,sz002745,木林森,,
8353,sz300330,华虹计通,,
8354,sh600103,青山纸业,,
8355,sh600733,北汽蓝谷,,
8356,sh603239,浙江仙通,,
8357,sz000558,莱茵体育,,
8358,sz002212,南洋股份,,
8359,sz002746,仙坛股份,,
8360,sz300331,苏大维格,,
8361,sh600104,上汽集团,,
8362,sh600734,实达集团,,
8363,sh603256,宏和科技,,
8364,sz000559,万向钱潮,,
8365,sz002213,特尔佳,,
8366,sz002747,埃斯顿,,
8367,sz300332,天壕环境,,
8368,sh600105,永鼎股份,,
8369,sh600735,新华锦,,
8370,sh603258,电魂网络,,
8371,sz000560,我爱我家,,
8372,sz002214,大立科技,,
8373,sz002748,世龙实业,,
8374,sz300333,兆日科技,,
8375,sh600106,重庆路桥,,
8376,sh600736,苏州高新,,
8377,sh603259,药明康德,,
8378,sz000561,烽火电子,,
8379,sz002215,诺普信,,
8380,sz002749,国光股份,,
8381,sz300334,津膜科技,,
8382,sh600107,美尔雅,,
8383,sh600737,中粮糖业,,
8384,sh603260,合盛硅业,,
8385,sz000563,陕国投A,,
8386,sz002216,三全食品,,
8387,sz002750,龙津药业,,
8388,sz300335,迪森股份,,
8389,sh600108,亚盛集团,,
8390,sh600738,兰州民百,,
8391,sh603266,天龙股份,,
8392,sz000564,供销大集,,
8393,sz002217,合力泰,,
8394,sz002751,易尚展示,,
8395,sz300336,新文化,,
8396,sh600109,国金证券,,
8397,sh600739,辽宁成大,,
8398,sh603267,鸿远电子,,
8399,sz000565,渝三峡A,,
8400,sz002218,拓日新能,,
8401,sz002752,昇兴股份,,
8402,sz300337,银邦股份,,
8403,sh600110,诺德股份,,
8404,sh600740,山西焦化,,
8405,sh603268,松发股份,,
8406,sz000566,海南海药,,
8407,sz002219,恒康医疗,,
8408,sz002753,永东股份,,
8409,sz300338,开元股份,,
8410,sh600111,北方稀土,,
8411,sh600741,华域汽车,,
8412,sh603269,海鸥股份,,
8413,sz000567,海德股份,,
8415,sz002755,奥赛康,,
8416,sz300339,润和软件,,
8417,sh600112,ST天成,,
8418,sh600742,一汽富维,,
8419,sh603277,银都股份,,
8420,sz000568,泸州老窖,,
8421,sz002221,东华能源,,
8422,sz002756,永兴材料,,
8423,sz300340,科恒股份,,
8424,sh600113,浙江东日,,
8425,sh600743,华远地产,,
8426,sh603278,大业股份,,
8427,sz000570,苏常柴A,,
8428,sz002222,福晶科技,,
8429,sz002757,南兴股份,,
8430,sz300341,麦克奥迪,,
8431,sh600114,东睦股份,,
8432,sh600744,华银电力,,
8433,sh603279,景津环保,,
8434,sz000571,*ST大洲,,
8435,sz002223,鱼跃医疗,,
8436,sz002758,华通医药,,
8437,sz300342,天银机电,,
8438,sh600115,东方航空,,
8439,sh600745,闻泰科技,,
8440,sh603283,赛腾股份,,
8441,sz000572,*ST海马,,
8442,sz002224,三力士,,
8443,sz002759,天际股份,,
8444,sz300343,联创股份,,
8445,sh600116,三峡水利,,
8446,sh600746,江苏索普,,
8447,sh603286,日盈电子,,
8448,sz000573,粤宏远A,,
8449,sz002225,濮耐股份,,
8450,sz002760,凤形股份,,
8451,sz300344,太空智造,,
8452,sh600117,西宁特钢,,
8454,sh603288,海天味业,,
8455,sz000576,广东甘化,,
8456,sz002226,江南化工,,
8457,sz002761,多喜爱,,
8458,sz300345,红宇新材,,
8459,sh600118,中国卫星,,
8460,sh600748,上实发展,,
8461,sh603289,泰瑞机器,,
8462,sz000581,威孚高科,,
8463,sz002227,奥特迅,,
8464,sz002762,金发拉比,,
8465,sz300346,南大光电,,
8466,sh600119,*ST长投,,
8467,sh600749,西藏旅游,,
8468,sh603297,永新光学,,
8469,sz000582,北部湾港,,
8470,sz002228,合兴包装,,
8471,sz002763,汇洁股份,,
8472,sz300347,泰格医药,,
8473,sh600120,浙江东方,,
8474,sh600750,江中药业,,
8475,sh603298,杭叉集团,,
8476,sz000584,哈工智能,,
8477,sz002229,鸿博股份,,
8478,sz002765,蓝黛传动,,
8479,sz300348,长亮科技,,
8480,sh600121,郑州煤电,,
8481,sh600751,海航科技,,
8482,sh603299,苏盐井神,,
8483,sz000585,ST东电,,
8484,sz002230,科大讯飞,,
8485,sz002766,*ST索菱,,
8486,sz300349,金卡智能,,
8487,sh600122,宏图高科,,
8488,sh600753,东方银星,,
8489,sh603300,华铁应急,,
8490,sz000586,汇源通信,,
8491,sz002231,奥维通信,,
8492,sz002767,先锋电子,,
8493,sz300350,华鹏飞,,
8494,sh600123,兰花科创,,
8495,sh600754,锦江酒店,,
8496,sh603301,振德医疗,,
8497,sz000587,金洲慈航,,
8498,sz002232,启明信息,,
8499,sz002768,国恩股份,,
8500,sz300351,永贵电器,,
8501,sh600125,铁龙物流,,
8502,sh600755,厦门国贸,,
8504,sz000589,贵州轮胎,,
8505,sz002233,塔牌集团,,
8506,sz002769,普路通,,
8507,sz300352,北信源,,
8508,sh600126,杭钢股份,,
8509,sh600756,浪潮软件,,
8510,sh603303,得邦照明,,
8511,sz000590,启迪古汉,,
8512,sz002234,民和股份,,
8513,sz002770,科迪乳业,,
8514,sz300353,东土科技,,
8515,sh600127,金健米业,,
8516,sh600757,长江传媒,,
8517,sh603305,旭升股份,,
8518,sz000591,太阳能,,
8519,sz002235,安妮股份,,
8520,sz002771,真视通,,
8521,sz300354,东华测试,,
8522,sh600128,弘业股份,,
8523,sh600758,红阳能源,,
8524,sh603306,华懋科技,,
8525,sz000592,平潭发展,,
8526,sz002236,大华股份,,
8527,sz002772,众兴菌业,,
8528,sz300355,蒙草生态,,
8529,sh600129,太极集团,,
8530,sh600759,洲际油气,,
8531,sh603308,应流股份,,
8532,sz000593,大通燃气,,
8533,sz002237,恒邦股份,,
8534,sz002773,康弘药业,,
8535,sz300356,光一科技,,
8536,sh600130,波导股份,,
8537,sh600760,中航沈飞,,
8538,sh603309,维力医疗,,
8539,sz000595,宝塔实业,,
8540,sz002238,天威视讯,,
8541,sz002774,快意电梯,,
8542,sz300357,我武生物,,
8543,sh600131,岷江水电,,
8544,sh600761,安徽合力,,
8545,sh603311,金海环境,,
8546,sz000596,古井贡酒,,
8547,sz002239,奥特佳,,
8548,sz002775,文科园林,,
8549,sz300358,楚天科技,,
8550,sh600132,重庆啤酒,,
8551,sh600763,通策医疗,,
8552,sh603313,梦百合,,
8553,sz000597,东北制药,,
8554,sz002240,威华股份,,
8555,sz002776,柏堡龙,,
8556,sz300359,全通教育,,
8557,sh600133,东湖高新,,
8558,sh600764,中国海防,,
8559,sh603315,福鞍股份,,
8560,sz000598,兴蓉环境,,
8561,sz002241,歌尔股份,,
8562,sz002777,久远银海,,
8563,sz300360,炬华科技,,
8564,sh600135,乐凯胶片,,
8565,sh600765,中航重机,,
8566,sh603316,诚邦股份,,
8567,sz000599,青岛双星,,
8568,sz002242,九阳股份,,
8569,sz002778,高科石化,,
8571,sh600136,当代明诚,,
8572,sh600766,园城黄金,,
8573,sh603317,天味食品,,
8574,sz000600,建投能源,,
8575,sz002243,通产丽星,,
8576,sz002779,中坚科技,,
8578,sh600137,浪莎股份,,
8579,sh600767,ST运盛,,
8580,sh603318,派思股份,,
8581,sz000601,韶能股份,,
8582,sz002244,滨江集团,,
8583,sz002780,三夫户外,,
8584,sz300363,博腾股份,,
8585,sh600138,中青旅,,
8586,sh600768,宁波富邦,,
8587,sh603319,湘油泵,,
8588,sz000603,盛达资源,,
8589,sz002245,澳洋顺昌,,
8590,sz002781,奇信股份,,
8591,sz300364,中文在线,,
8592,sh600139,西部资源,,
8593,sh600769,祥龙电业,,
8594,sh603320,迪贝电气,,
8595,sz000605,渤海股份,,
8596,sz002246,北化股份,,
8597,sz002782,可立克,,
8598,sz300365,恒华科技,,
8599,sh600141,兴发集团,,
8600,sh600770,综艺股份,,
8601,sh603321,梅轮电梯,,
8602,sz000606,顺利办,,
8603,sz002247,聚力文化,,
8604,sz002783,凯龙股份,,
8605,sz300366,创意信息,,
8606,sh600143,金发科技,,
8607,sh600771,广誉远,,
8608,sh603322,超讯通信,,
8609,sz000607,华媒控股,,
8610,sz002248,华东数控,,
8611,sz002785,万里石,,
8612,sz300367,东方网力,,
8613,sh600145,*ST新亿,,
8614,sh600773,西藏城投,,
8615,sh603323,苏农银行,,
8616,sz000608,阳光股份,,
8617,sz002249,大洋电机,,
8618,sz002786,银宝山新,,
8619,sz300368,汇金股份,,
8620,sh600146,商赢环球,,
8621,sh600774,汉商集团,,
8622,sh603326,我乐家居,,
8623,sz000609,中迪投资,,
8624,sz002250,联化科技,,
8625,sz002787,华源控股,,
8626,sz300369,绿盟科技,,
8627,sh600148,长春一东,,
8628,sh600775,南京熊猫,,
8629,sh603327,福蓉科技,,
8630,sz000610,西安旅游,,
8631,sz002251,步步高,,
8632,sz002788,鹭燕医药,,
8633,sz300370,安控科技,,
8634,sh600149,ST坊展,,
8635,sh600776,东方通信,,
8636,sh603328,依顿电子,,
8637,sz000611,*ST天首,,
8638,sz002252,上海莱士,,
8639,sz002789,建艺集团,,
8640,sz300371,汇中股份,,
8641,sh600150,中国船舶,,
8642,sh600777,新潮能源,,
8643,sh603329,上海雅仕,,
8644,sz000612,焦作万方,,
8645,sz002253,川大智胜,,
8646,sz002790,瑞尔特,,
8648,sh600151,航天机电,,
8649,sh600778,友好集团,,
8650,sh603330,上海天洋,,
8651,sz000613,大东海A,,
8652,sz002254,泰和新材,,
8653,sz002791,坚朗五金,,
8654,sz300373,扬杰科技,,
8655,sh600152,维科技术,,
8656,sh600779,水井坊,,
8657,sh603331,百达精工,,
8658,sz000615,京汉股份,,
8659,sz002255,海陆重工,,
8660,sz002792,通宇通讯,,
8661,sz300374,恒通科技,,
8662,sh600153,建发股份,,
8663,sh600780,通宝能源,,
8664,sh603332,苏州龙杰,,
8665,sz000616,海航投资,,
8666,sz002256,兆新股份,,
8667,sz002793,东音股份,,
8668,sz300375,鹏翎股份,,
8669,sh600155,华创阳安,,
8670,sh600781,ST辅仁,,
8671,sh603333,尚纬股份,,
8672,sz000617,中油资本,,
8673,sz002258,利尔化学,,
8674,sz002795,永和智控,,
8675,sz300376,易事特,,
8676,sh600156,华升股份,,
8677,sh600782,新钢股份,,
8678,sh603335,迪生力,,
8679,sz000619,海螺型材,,
8680,sz002259,*ST升达,,
8681,sz002796,世嘉科技,,
8682,sz300377,赢时胜,,
8683,sh600157,永泰能源,,
8684,sh600783,鲁信创投,,
8685,sh603336,宏辉果蔬,,
8686,sz000620,新华联,,
8688,sz002797,第一创业,,
8689,sz300378,鼎捷软件,,
8690,sh600158,中体产业,,
8691,sh600784,鲁银投资,,
8692,sh603337,杰克股份,,
8693,sz000622,恒立实业,,
8694,sz002261,拓维信息,,
8695,sz002798,帝欧家居,,
8696,sz300379,东方通,,
8697,sh600159,大龙地产,,
8698,sh600785,新华百货,,
8699,sh603338,浙江鼎力,,
8700,sz000623,吉林敖东,,
8701,sz002262,恩华药业,,
8702,sz002799,环球印务,,
8703,sz300380,安硕信息,,
8704,sh600160,巨化股份,,
8705,sh600787,中储股份,,
8706,sh603339,四方科技,,
8707,sz000625,长安汽车,,
8708,sz002263,*ST东南,,
8709,sz002800,天顺股份,,
8710,sz300381,溢多利,,
8711,sh600161,天坛生物,,
8712,sh600789,鲁抗医药,,
8713,sh603345,安井食品,,
8714,sz000626,远大控股,,
8715,sz002264,新华都,,
8716,sz002801,微光股份,,
8717,sz300382,斯莱克,,
8718,sh600162,香江控股,,
8719,sh600790,轻纺城,,
8720,sh603348,文灿股份,,
8721,sz000627,天茂集团,,
8722,sz002265,西仪股份,,
8723,sz002802,洪汇新材,,
8724,sz300383,光环新网,,
8725,sh600163,中闽能源,,
8726,sh600791,京能置业,,
8727,sh603351,威尔药业,,
8728,sz000628,高新发展,,
8729,sz002266,浙富控股,,
8730,sz002803,吉宏股份,,
8731,sz300384,三联虹普,,
8732,sh600165,新日恒力,,
8733,sh600792,云煤能源,,
8734,sh603355,莱克电气,,
8735,sz000629,攀钢钒钛,,
8736,sz002267,陕天然气,,
8737,sz002805,丰元股份,,
8738,sz300385,雪浪环境,,
8739,sh600166,福田汽车,,
8740,sh600793,宜宾纸业,,
8741,sh603356,华菱精工,,
8742,sz000630,铜陵有色,,
8743,sz002268,卫士通,,
8744,sz002806,华锋股份,,
8745,sz300386,飞天诚信,,
8746,sh600167,联美控股,,
8747,sh600794,保税科技,,
8748,sh603357,设计总院,,
8749,sz000631,顺发恒业,,
8750,sz002269,美邦服饰,,
8751,sz002807,江阴银行,,
8752,sz300387,富邦股份,,
8753,sh600168,武汉控股,,
8754,sh600795,国电电力,,
8755,sh603358,华达科技,,
8756,sz000632,三木集团,,
8757,sz002270,华明装备,,
8758,sz002808,恒久科技,,
8759,sz300388,国祯环保,,
8760,sh600169,太原重工,,
8761,sh600796,钱江生化,,
8762,sh603359,东珠生态,,
8763,sz000633,合金投资,,
8764,sz002271,东方雨虹,,
8765,sz002809,红墙股份,,
8766,sz300389,艾比森,,
8767,sh600170,上海建工,,
8768,sh600797,浙大网新,,
8769,sh603360,百傲化学,,
8770,sz000635,英力特,,
8771,sz002272,川润股份,,
8772,sz002810,山东赫达,,
8773,sz300390,天华超净,,
8774,sh600171,上海贝岭,,
8775,sh600798,宁波海运,,
8776,sh603363,傲农生物,,
8777,sz000636,风华高科,,
8778,sz002273,水晶光电,,
8779,sz002811,亚泰国际,,
8780,sz300391,康跃科技,,
8781,sh600172,黄河旋风,,
8782,sh600800,天津磁卡,,
8783,sh603365,水星家纺,,
8784,sz000637,茂化实华,,
8785,sz002274,华昌化工,,
8786,sz002812,恩捷股份,,
8787,sz300392,腾信股份,,
8788,sh600173,卧龙地产,,
8789,sh600801,华新水泥,,
8790,sh603366,日出东方,,
8791,sz000638,万方发展,,
8792,sz002275,桂林三金,,
8793,sz002813,路畅科技,,
8794,sz300393,中来股份,,
8796,sh600802,福建水泥,,
8797,sh603367,辰欣药业,,
8798,sz000639,西王食品,,
8799,sz002276,万马股份,,
8800,sz002815,崇达技术,,
8801,sz300394,天孚通信,,
8802,sh600176,中国巨石,,
8803,sh600803,新奥股份,,
8804,sh603368,柳药股份,,
8805,sz000650,仁和药业,,
8806,sz002277,友阿股份,,
8807,sz002816,和科达,,
8808,sz300395,菲利华,,
8809,sh600177,雅戈尔,,
8810,sh600804,鹏博士,,
8811,sh603369,今世缘,,
8812,sz000651,格力电器,,
8813,sz002278,神开股份,,
8814,sz002817,黄山胶囊,,
8815,sz300396,迪瑞医疗,,
8816,sh600178,东安动力,,
8817,sh600805,悦达投资,,
8818,sh603377,东方时尚,,
8819,sz000652,泰达股份,,
8820,sz002279,久其软件,,
8821,sz002818,富森美,,
8822,sz300397,天和防务,,
8823,sh600179,ST安通,,
8825,sh603378,亚士创能,,
8826,sz000655,金岭矿业,,
8827,sz002280,联络互动,,
8828,sz002819,东方中科,,
8829,sz300398,飞凯材料,,
8830,sh600180,瑞茂通,,
8831,sh600807,ST天业,,
8832,sh603379,三美股份,,
8833,sz000656,金科股份,,
8834,sz002281,光迅科技,,
8835,sz002820,桂发祥,,
8836,sz300399,京天利,,
8837,sh600182,S佳通,,
8838,sh600808,马钢股份,,
8839,sh603380,易德龙,,
8840,sz000657,中钨高新,,
8841,sz002282,博深股份,,
8842,sz002821,凯莱英,,
8843,sz300400,劲拓股份,,
8844,sh600183,生益科技,,
8845,sh600809,山西汾酒,,
8846,sh603383,顶点软件,,
8847,sz000659,珠海中富,,
8848,sz002283,天润曲轴,,
8849,sz002822,中装建设,,
8850,sz300401,花园生物,,
8851,sh600184,光电股份,,
8852,sh600810,神马股份,,
8853,sh603385,惠达卫浴,,
8854,sz000661,长春高新,,
8855,sz002284,亚太股份,,
8856,sz002823,凯中精密,,
8857,sz300402,宝色股份,,
8858,sh600185,格力地产,,
8859,sh600811,东方集团,,
8860,sh603386,广东骏亚,,
8861,sz000662,天夏智慧,,
8862,sz002285,世联行,,
8863,sz002824,和胜股份,,
8864,sz300403,汉宇集团,,
8865,sh600186,*ST莲花,,
8866,sh600812,华北制药,,
8867,sh603387,基蛋生物,,
8868,sz000663,永安林业,,
8869,sz002286,保龄宝,,
8870,sz002825,纳尔股份,,
8871,sz300404,博济医药,,
8872,sh600187,国中水务,,
8873,sh600814,杭州解百,,
8874,sh603388,元成股份,,
8875,sz000665,湖北广电,,
8876,sz002287,奇正藏药,,
8877,sz002826,易明医药,,
8878,sz300405,科隆股份,,
8879,sh600188,兖州煤业,,
8880,sh600815,*ST厦工,,
8881,sh603389,亚振家居,,
8882,sz000666,经纬纺机,,
8883,sz002288,超华科技,,
8884,sz002827,高争民爆,,
8885,sz300406,九强生物,,
8886,sh600189,吉林森工,,
8887,sh600816,安信信托,,
8888,sh603393,新天然气,,
8889,sz000667,美好置业,,
8890,sz002289,*ST宇顺,,
8891,sz002828,贝肯能源,,
8892,sz300407,凯发电气,,
8893,sh600190,锦州港,,
8894,sh600817,ST宏盛,,
8895,sh603396,金辰股份,,
8896,sz000668,荣丰控股,,
8897,sz002290,*ST中科,,
8898,sz002829,星网宇达,,
8899,sz300408,三环集团,,
8900,sh600191,华资实业,,
8901,sh600818,中路股份,,
8902,sh603398,邦宝益智,,
8903,sz000669,金鸿控股,,
8904,sz002291,星期六,,
8905,sz002830,名雕股份,,
8906,sz300409,道氏技术,,
8907,sh600192,长城电工,,
8908,sh600819,耀皮玻璃,,
8909,sh603399,吉翔股份,,
8911,sz002292,奥飞娱乐,,
8912,sz002831,裕同科技,,
8913,sz300410,正业科技,,
8914,sh600193,ST创兴,,
8915,sh600820,隧道股份,,
8916,sh603416,信捷电气,,
8917,sz000671,阳光城,,
8918,sz002293,罗莱生活,,
8919,sz002832,比音勒芬,,
8920,sz300411,金盾股份,,
8921,sh600195,中牧股份,,
8922,sh600821,津劝业,,
8923,sh603421,鼎信通讯,,
8924,sz000672,上峰水泥,,
8925,sz002294,信立泰,,
8926,sz002833,弘亚数控,,
8927,sz300412,迦南科技,,
8928,sh600196,复星医药,,
8929,sh600822,上海物贸,,
8930,sh603429,集友股份,,
8931,sz000673,当代东方,,
8932,sz002295,精艺股份,,
8933,sz002835,同为股份,,
8934,sz300413,芒果超媒,,
8935,sh600197,伊力特,,
8936,sh600823,世茂股份,,
8937,sh603444,吉比特,,
8938,sz000676,智度股份,,
8939,sz002296,辉煌科技,,
8940,sz002836,新宏泽,,
8941,sz300414,中光防雷,,
8942,sh600198,大唐电信,,
8943,sh600824,益民集团,,
8944,sh603456,九洲药业,,
8945,sz000677,恒天海龙,,
8946,sz002297,博云新材,,
8947,sz002837,英维克,,
8948,sz300415,伊之密,,
8949,sh600199,金种子酒,,
8950,sh600825,新华传媒,,
8951,sh603458,勘设股份,,
8952,sz000678,襄阳轴承,,
8953,sz002298,中电兴发,,
8954,sz002838,道恩股份,,
8955,sz300416,苏试试验,,
8956,sh600200,江苏吴中,,
8957,sh600826,兰生股份,,
8958,sh603466,风语筑,,
8959,sz000679,大连友谊,,
8960,sz002299,圣农发展,,
8961,sz002839,张家港行,,
8962,sz300417,南华仪器,,
8963,sh600201,生物股份,,
8964,sh600827,百联股份,,
8965,sh603477,振静股份,,
8966,sz000680,山推股份,,
8967,sz002300,太阳电缆,,
8968,sz002840,华统股份,,
8969,sz300418,昆仑万维,,
8970,sh600202,哈空调,,
8971,sh600828,茂业商业,,
8972,sh603486,科沃斯,,
8973,sz000681,视觉中国,,
8974,sz002301,齐心集团,,
8975,sz002841,视源股份,,
8976,sz300419,浩丰科技,,
8977,sh600203,福日电子,,
8978,sh600829,人民同泰,,
8979,sh603488,展鹏科技,,
8980,sz000682,东方电子,,
8981,sz002302,西部建设,,
8982,sz002842,翔鹭钨业,,
8983,sz300420,五洋停车,,
8984,sh600206,有研新材,,
8985,sh600830,香溢融通,,
8986,sh603496,恒为科技,,
8987,sz000683,远兴能源,,
8988,sz002303,美盈森,,
8989,sz002843,泰嘉股份,,
8990,sz300421,力星股份,,
8991,sh600207,安彩高科,,
8992,sh600831,广电网络,,
8993,sh603499,翔港科技,,
8994,sz000685,中山公用,,
8995,sz002304,洋河股份,,
8996,sz002845,同兴达,,
8997,sz300422,博世科,,
8998,sh600208,新湖中宝,,
8999,sh600833,第一医药,,
9000,sh603500,祥和实业,,
9001,sz000686,东北证券,,
9002,sz002305,南国置业,,
9003,sz002846,英联股份,,
9004,sz300423,鲁亿通,,
9005,sh600209,ST罗顿,,
9006,sh600834,申通地铁,,
9007,sh603501,韦尔股份,,
9008,sz000687,华讯方舟,,
9009,sz002306,ST云网,,
9010,sz002847,盐津铺子,,
9011,sz300424,航新科技,,
9012,sh600210,紫江企业,,
9013,sh600835,上海机电,,
9014,sh603505,金石资源,,
9015,sz000688,国城矿业,,
9016,sz002307,北新路桥,,
9017,sz002848,高斯贝尔,,
9018,sz300425,中建环能,,
9019,sh600211,西藏药业,,
9020,sh600836,界龙实业,,
9021,sh603506,南都物业,,
9022,sz000690,宝新能源,,
9023,sz002308,威创股份,,
9024,sz002849,威星智能,,
9025,sz300426,唐德影视,,
9026,sh600212,江泉实业,,
9027,sh600837,海通证券,,
9028,sh603507,振江股份,,
9029,sz000691,亚太实业,,
9030,sz002309,中利集团,,
9031,sz002850,科达利,,
9032,sz300427,红相股份,,
9033,sh600213,亚星客车,,
9034,sh600838,上海九百,,
9035,sh603508,思维列控,,
9036,sz000692,惠天热电,,
9037,sz002310,东方园林,,
9038,sz002851,麦格米特,,
9039,sz300428,四通新材,,
9040,sh600215,长春经开,,
9041,sh600839,四川长虹,,
9042,sh603515,欧普照明,,
9044,sz002311,海大集团,,
9045,sz002852,道道全,,
9046,sz300429,强力新材,,
9047,sh600216,浙江医药,,
9048,sh600841,上柴股份,,
9049,sh603516,淳中科技,,
9050,sz000695,滨海能源,,
9051,sz002312,三泰控股,,
9052,sz002853,皮阿诺,,
9053,sz300430,诚益通,,
9054,sh600217,中再资环,,
9055,sh600843,上工申贝,,
9056,sh603517,绝味食品,,
9057,sz000697,炼石航空,,
9058,sz002313,日海智能,,
9059,sz002855,捷荣技术,,
9061,sh600218,全柴动力,,
9062,sh600844,丹化科技,,
9063,sh603518,锦泓集团,,
9064,sz000698,沈阳化工,,
9065,sz002314,南山控股,,
9066,sz002856,美芝股份,,
9067,sz300432,富临精工,,
9068,sh600219,南山铝业,,
9069,sh600845,宝信软件,,
9070,sh603519,立霸股份,,
9071,sz000700,模塑科技,,
9072,sz002315,焦点科技,,
9073,sz002857,三晖电气,,
9074,sz300433,蓝思科技,,
9075,sh600220,江苏阳光,,
9076,sh600846,同济科技,,
9077,sh603520,司太立,,
9078,sz000701,厦门信达,,
9079,sz002316,亚联发展,,
9080,sz002858,力盛赛车,,
9081,sz300434,金石亚药,,
9082,sh600221,海航控股,,
9083,sh600847,万里股份,,
9084,sh603527,众源新材,,
9085,sz000702,正虹科技,,
9086,sz002317,众生药业,,
9087,sz002859,洁美科技,,
9088,sz300435,中泰股份,,
9089,sh600222,太龙药业,,
9090,sh600848,上海临港,,
9091,sh603528,多伦科技,,
9092,sz000703,恒逸石化,,
9093,sz002318,久立特材,,
9094,sz002860,星帅尔,,
9095,sz300436,广生堂,,
9096,sh600223,鲁商发展,,
9097,sh600850,华东电脑,,
9098,sh603530,神马电力,,
9099,sz000705,浙江震元,,
9100,sz002319,乐通股份,,
9101,sz002861,瀛通通讯,,
9102,sz300437,清水源,,
9103,sh600225,天津松江,,
9104,sh600851,海欣股份,,
9105,sh603533,掌阅科技,,
9106,sz000707,ST双环,,
9107,sz002320,海峡股份,,
9108,sz002862,实丰文化,,
9109,sz300438,鹏辉能源,,
9110,sh600226,瀚叶股份,,
9111,sh600853,龙建股份,,
9112,sh603535,嘉诚国际,,
9113,sz000708,中信特钢,,
9114,sz002321,华英农业,,
9115,sz002863,今飞凯达,,
9116,sz300439,美康生物,,
9117,sh600227,圣济堂,,
9118,sh600854,春兰股份,,
9119,sh603536,惠发食品,,
9120,sz000709,河钢股份,,
9121,sz002322,理工环科,,
9122,sz002864,盘龙药业,,
9123,sz300440,运达科技,,
9124,sh600228,ST昌九,,
9125,sh600855,航天长峰,,
9126,sh603538,美诺华,,
9127,sz000710,贝瑞基因,,
9128,sz002323,ST百特,,
9129,sz002865,钧达股份,,
9130,sz300441,鲍斯股份,,
9131,sh600229,城市传媒,,
9132,sh600856,ST中天,,
9133,sh603555,贵人鸟,,
9134,sz000711,京蓝科技,,
9135,sz002324,普利特,,
9136,sz002866,传艺科技,,
9137,sz300442,普丽盛,,
9138,sh600230,沧州大化,,
9139,sh600857,宁波中百,,
9140,sh603556,海兴电力,,
9141,sz000712,锦龙股份,,
9142,sz002325,洪涛股份,,
9143,sz002867,周大生,,
9144,sz300443,金雷股份,,
9145,sh600231,凌钢股份,,
9146,sh600858,银座股份,,
9147,sh603557,起步股份,,
9148,sz000713,丰乐种业,,
9149,sz002326,永太科技,,
9150,sz002868,绿康生化,,
9151,sz300444,双杰电气,,
9152,sh600232,金鹰股份,,
9153,sh600859,王府井,,
9154,sh603558,健盛集团,,
9155,sz000715,中兴商业,,
9156,sz002327,富安娜,,
9157,sz002869,金溢科技,,
9158,sz300445,康斯特,,
9159,sh600233,圆通速递,,
9160,sh600860,京城股份,,
9161,sh603559,中通国脉,,
9162,sz000716,黑芝麻,,
9163,sz002328,新朋股份,,
9164,sz002870,香山股份,,
9165,sz300446,乐凯新材,,
9166,sh600234,*ST山水,,
9167,sh600861,北京城乡,,
9168,sh603566,普莱柯,,
9169,sz000717,韶钢松山,,
9170,sz002329,皇氏集团,,
9171,sz002871,伟隆股份,,
9172,sz300447,全信股份,,
9173,sh600235,民丰特纸,,
9174,sh600862,中航高科,,
9175,sh603567,珍宝岛,,
9176,sz000718,苏宁环球,,
9177,sz002330,得利斯,,
9178,sz002872,*ST天圣,,
9179,sz300448,浩云科技,,
9180,sh600236,桂冠电力,,
9181,sh600863,内蒙华电,,
9182,sh603568,伟明环保,,
9183,sz000719,中原传媒,,
9184,sz002331,皖通科技,,
9185,sz002873,新天药业,,
9186,sz300449,汉邦高科,,
9187,sh600237,铜峰电子,,
9188,sh600864,哈投股份,,
9189,sh603569,长久物流,,
9190,sz000720,新能泰山,,
9191,sz002332,仙琚制药,,
9192,sz002875,安奈儿,,
9193,sz300450,先导智能,,
9194,sh600238,ST椰岛,,
9195,sh600865,百大集团,,
9196,sh603577,汇金通,,
9197,sz000721,西安饮食,,
9198,sz002333,*ST罗普,,
9199,sz002876,三利谱,,
9200,sz300451,创业慧康,,
9201,sh600239,云南城投,,
9202,sh600866,星湖科技,,
9203,sh603578,三星新材,,
9204,sz000722,湖南发展,,
9205,sz002334,英威腾,,
9206,sz002877,智能自控,,
9207,sz300452,山河药辅,,
9209,sh600867,通化东宝,,
9210,sh603579,荣泰健康,,
9211,sz000723,美锦能源,,
9212,sz002335,科华恒盛,,
9213,sz002878,元隆雅图,,
9214,sz300453,三鑫医疗,,
9215,sh600241,时代万恒,,
9216,sh600868,梅雁吉祥,,
9217,sh603580,艾艾精工,,
9218,sz000725,京东方A,,
9219,sz002336,*ST人乐,,
9220,sz002879,长缆科技,,
9221,sz300454,深信服,,
9222,sh600242,中昌数据,,
9223,sh600869,智慧能源,,
9224,sh603583,捷昌驱动,,
9225,sz000726,鲁泰A,,
9226,sz002337,赛象科技,,
9227,sz002880,卫光生物,,
9228,sz300455,康拓红外,,
9229,sh600243,青海华鼎,,
9230,sh600870,ST厦华,,
9231,sh603585,苏利股份,,
9232,sz000727,华东科技,,
9233,sz002338,奥普光电,,
9234,sz002881,美格智能,,
9235,sz300456,耐威科技,,
9236,sh600246,万通地产,,
9237,sh600871,石化油服,,
9238,sh603586,金麒麟,,
9239,sz000728,国元证券,,
9240,sz002339,积成电子,,
9241,sz002882,金龙羽,,
9242,sz300457,赢合科技,,
9243,sh600247,ST成城,,
9244,sh600872,中炬高新,,
9245,sh603587,地素时尚,,
9246,sz000729,燕京啤酒,,
9247,sz002340,格林美,,
9248,sz002883,中设股份,,
9249,sz300458,全志科技,,
9250,sh600248,延长化建,,
9251,sh600873,梅花生物,,
9252,sh603588,高能环境,,
9253,sz000731,四川美丰,,
9254,sz002341,新纶科技,,
9255,sz002884,凌霄泵业,,
9256,sz300459,金科文化,,
9257,sh600249,两面针,,
9258,sh600874,创业环保,,
9259,sh603589,口子窖,,
9260,sz000732,泰禾集团,,
9261,sz002342,巨力索具,,
9262,sz002885,京泉华,,
9263,sz300460,惠伦晶体,,
9264,sh600250,南纺股份,,
9265,sh600875,东方电气,,
9266,sh603590,康辰药业,,
9267,sz000733,振华科技,,
9268,sz002343,慈文传媒,,
9269,sz002886,沃特股份,,
9270,sz300461,田中精机,,
9271,sh600251,冠农股份,,
9272,sh600876,洛阳玻璃,,
9273,sh603595,东尼电子,,
9274,sz000735,罗牛山,,
9275,sz002344,海宁皮城,,
9276,sz002887,绿茵生态,,
9277,sz300462,华铭智能,,
9278,sh600252,中恒集团,,
9279,sh600877,*ST电能,,
9280,sh603596,伯特利,,
9281,sz000736,中交地产,,
9282,sz002345,潮宏基,,
9283,sz002888,惠威科技,,
9284,sz300463,迈克生物,,
9285,sh600255,梦舟股份,,
9286,sh600879,航天电子,,
9287,sh603598,引力传媒,,
9288,sz000737,ST南风,,
9289,sz002346,柘中股份,,
9290,sz002889,东方嘉盛,,
9291,sz300464,星徽精密,,
9292,sh600256,广汇能源,,
9293,sh600880,博瑞传播,,
9294,sh603599,广信股份,,
9295,sz000738,航发控制,,
9296,sz002347,泰尔股份,,
9297,sz002890,弘宇股份,,
9298,sz300465,高伟达,,
9299,sh600257,大湖股份,,
9300,sh600881,亚泰集团,,
9301,sh603600,永艺股份,,
9302,sz000739,普洛药业,,
9303,sz002348,高乐股份,,
9304,sz002891,中宠股份,,
9305,sz300466,赛摩电气,,
9306,sh600258,首旅酒店,,
9307,sh600882,妙可蓝多,,
9308,sh603601,再升科技,,
9309,sz000748,长城信息,,
9310,sz002349,精华制药,,
9311,sz002892,科力尔,,
9312,sz300467,迅游科技,,
9313,sh600259,广晟有色,,
9314,sh600883,博闻科技,,
9315,sh603602,纵横通信,,
9316,sz000750,国海证券,,
9317,sz002350,北京科锐,,
9318,sz002893,华通热力,,
9319,sz300468,四方精创,,
9320,sh600260,凯乐科技,,
9321,sh600884,杉杉股份,,
9322,sh603603,博天环境,,
9323,sz000751,锌业股份,,
9324,sz002351,漫步者,,
9325,sz002895,川恒股份,,
9326,sz300469,信息发展,,
9327,sh600261,阳光照明,,
9328,sh600885,宏发股份,,
9329,sh603605,珀莱雅,,
9330,sz000752,*ST西发,,
9331,sz002352,顺丰控股,,
9332,sz002896,中大力德,,
9333,sz300470,中密控股,,
9334,sh600262,北方股份,,
9335,sh600886,国投电力,,
9336,sh603606,东方电缆,,
9337,sz000753,漳州发展,,
9338,sz002353,杰瑞股份,,
9339,sz002897,意华股份,,
9340,sz300471,厚普股份,,
9341,sh600265,ST景谷,,
9342,sh600887,伊利股份,,
9343,sh603607,京华激光,,
9344,sz000755,山西路桥,,
9345,sz002354,天神娱乐,,
9346,sz002898,赛隆药业,,
9347,sz300472,新元科技,,
9348,sh600266,城建发展,,
9349,sh600888,新疆众和,,
9350,sh603608,天创时尚,,
9351,sz000756,新华制药,,
9352,sz002355,兴民智通,,
9353,sz002899,英派斯,,
9354,sz300473,德尔股份,,
9355,sh600267,海正药业,,
9356,sh600889,南京化纤,,
9357,sh603609,禾丰牧业,,
9358,sz000757,浩物股份,,
9359,sz002356,*ST赫美,,
9360,sz002900,哈三联,,
9361,sz300474,景嘉微,,
9362,sh600268,国电南自,,
9363,sh600890,中房股份,,
9364,sh603611,诺力股份,,
9365,sz000758,中色股份,,
9366,sz002357,富临运业,,
9367,sz002901,大博医疗,,
9368,sz300475,聚隆科技,,
9369,sh600269,赣粤高速,,
9371,sh603612,索通发展,,
9372,sz000759,中百集团,,
9373,sz002358,森源电气,,
9374,sz002902,铭普光磁,,
9375,sz300476,胜宏科技,,
9376,sh600270,外运发展,,
9377,sh600892,大晟文化,,
9378,sh603613,国联股份,,
9381,sz002903,宇环数控,,
9382,sz300477,合纵科技,,
9383,sh600271,航天信息,,
9384,sh600893,航发动力,,
9385,sh603615,茶花股份,,
9386,sz000761,本钢板材,,
9387,sz002360,同德化工,,
9388,sz002905,金逸影视,,
9389,sz300478,杭州高新,,
9390,sh600272,开开实业,,
9391,sh600894,广日股份,,
9392,sh603616,韩建河山,,
9393,sz000762,西藏矿业,,
9394,sz002361,神剑股份,,
9395,sz002906,华阳集团,,
9396,sz300479,神思电子,,
9397,sh600273,嘉化能源,,
9398,sh600895,张江高科,,
9399,sh603617,君禾股份,,
9400,sz000766,通化金马,,
9401,sz002362,汉王科技,,
9402,sz002907,华森制药,,
9403,sz300480,光力科技,,
9404,sh600275,ST昌鱼,,
9405,sh600896,览海投资,,
9406,sh603618,杭电股份,,
9407,sz000767,漳泽电力,,
9408,sz002363,隆基机械,,
9409,sz002908,德生科技,,
9410,sz300481,濮阳惠成,,
9411,sh600276,恒瑞医药,,
9412,sh600897,厦门空港,,
9413,sh603619,中曼石油,,
9414,sz000768,中航飞机,,
9415,sz002364,中恒电气,,
9416,sz002909,集泰股份,,
9417,sz300482,万孚生物,,
9418,sh600277,亿利洁能,,
9419,sh600898,国美通讯,,
9420,sh603626,科森科技,,
9421,sz000776,广发证券,,
9422,sz002365,永安药业,,
9423,sz002910,庄园牧场,,
9424,sz300483,沃施股份,,
9425,sh600278,东方创业,,
9426,sh600900,长江电力,,
9427,sh603628,清源股份,,
9428,sz000777,中核科技,,
9429,sz002366,台海核电,,
9430,sz002911,佛燃股份,,
9431,sz300484,蓝海华腾,,
9432,sh600279,重庆港九,,
9433,sh600901,江苏租赁,,
9434,sh603629,利通电子,,
9435,sz000778,新兴铸管,,
9436,sz002367,康力电梯,,
9437,sz002912,中新赛克,,
9438,sz300485,赛升药业,,
9439,sh600280,中央商场,,
9440,sh600903,贵州燃气,,
9441,sh603630,拉芳家化,,
9442,sz000779,甘咨询,,
9443,sz002368,太极股份,,
9444,sz002913,奥士康,,
9445,sz300486,东杰智能,,
9446,sh600281,太化股份,,
9447,sh600908,无锡银行,,
9448,sh603633,徕木股份,,
9449,sz000780,平庄能源,,
9450,sz002369,卓翼科技,,
9451,sz002915,中欣氟材,,
9452,sz300487,蓝晓科技,,
9453,sh600282,南钢股份,,
9454,sh600909,华安证券,,
9455,sh603636,南威软件,,
9456,sz000782,美达股份,,
9457,sz002370,亚太药业,,
9458,sz002916,深南电路,,
9459,sz300488,恒锋工具,,
9460,sh600283,钱江水利,,
9461,sh600917,重庆燃气,,
9462,sh603637,镇海股份,,
9463,sz000783,长江证券,,
9464,sz002371,北方华创,,
9465,sz002917,金奥博,,
9466,sz300489,中飞股份,,
9467,sh600284,浦东建设,,
9468,sh600919,江苏银行,,
9469,sh603638,艾迪精密,,
9470,sz000785,居然之家,,
9471,sz002372,伟星新材,,
9472,sz002918,蒙娜丽莎,,
9473,sz300490,华自科技,,
9474,sh600285,羚锐制药,,
9475,sh600926,杭州银行,,
9476,sh603639,海利尔,,
9477,sz000786,北新建材,,
9478,sz002373,千方科技,,
9479,sz002919,名臣健康,,
9480,sz300491,通合科技,,
9481,sh600287,江苏舜天,,
9482,sh600928,西安银行,,
9483,sh603648,畅联股份,,
9484,sz000788,北大医药,,
9485,sz002374,丽鹏股份,,
9486,sz002920,德赛西威,,
9487,sz300492,山鼎设计,,
9488,sh600288,大恒科技,,
9489,sh600929,湖南盐业,,
9490,sh603650,彤程新材,,
9491,sz000789,万年青,,
9492,sz002375,亚厦股份,,
9493,sz002921,联诚精密,,
9494,sz300493,润欣科技,,
9495,sh600289,*ST信通,,
9496,sh600933,爱柯迪,,
9497,sh603655,朗博科技,,
9498,sz000790,泰合健康,,
9499,sz002376,新北洋,,
9500,sz002922,伊戈尔,,
9501,sz300494,盛天网络,,
9502,sh600290,ST华仪,,
9503,sh600936,广西广电,,
9504,sh603656,泰禾光电,,
9505,sz000791,甘肃电投,,
9506,sz002377,国创高新,,
9507,sz002923,润都股份,,
9508,sz300495,美尚生态,,
9509,sh600291,西水股份,,
9510,sh600939,重庆建工,,
9511,sh603657,春光科技,,
9513,sz002378,章源钨业,,
9514,sz002925,盈趣科技,,
9515,sz300496,中科创达,,
9516,sh600292,远达环保,,
9517,sh600958,东方证券,,
9518,sh603658,安图生物,,
9519,sz000793,华闻集团,,
9520,sz002379,宏创控股,,
9521,sz002926,华西证券,,
9522,sz300497,富祥股份,,
9523,sh600293,三峡新材,,
9524,sh600959,江苏有线,,
9525,sh603659,璞泰来,,
9526,sz000795,英洛华,,
9527,sz002380,科远智慧,,
9528,sz002927,泰永长征,,
9529,sz300498,温氏股份,,
9530,sh600295,鄂尔多斯,,
9531,sh600960,渤海汽车,,
9532,sh603660,苏州科达,,
9533,sz000796,凯撒旅业,,
9534,sz002381,双箭股份,,
9535,sz002928,华夏航空,,
9536,sz300499,高澜股份,,
9537,sh600297,广汇汽车,,
9538,sh600961,株冶集团,,
9539,sh603661,恒林股份,,
9540,sz000797,中国武夷,,
9541,sz002382,蓝帆医疗,,
9542,sz002929,润建股份,,
9543,sz300500,启迪设计,,
9544,sh600298,安琪酵母,,
9545,sh600962,国投中鲁,,
9546,sh603662,柯力传感,,
9547,sz000798,中水渔业,,
9548,sz002383,合众思壮,,
9549,sz002930,宏川智慧,,
9550,sz300501,海顺新材,,
9551,sh600299,安迪苏,,
9552,sh600963,岳阳林纸,,
9553,sh603663,三祥新材,,
9554,sz000799,酒鬼酒,,
9555,sz002384,东山精密,,
9556,sz002931,锋龙股份,,
9557,sz300502,新易盛,,
9558,sh600300,维维股份,,
9559,sh600965,福成股份,,
9560,sh603665,康隆达,,
9561,sz000800,一汽轿车,,
9562,sz002385,大北农,,
9563,sz002932,明德生物,,
9564,sz300503,昊志机电,,
9565,sh600301,ST南化,,
9566,sh600966,博汇纸业,,
9567,sh603666,亿嘉和,,
9568,sz000801,四川九洲,,
9569,sz002386,天原集团,,
9570,sz002933,新兴装备,,
9571,sz300504,天邑股份,,
9572,sh600302,标准股份,,
9573,sh600967,内蒙一机,,
9574,sh603667,五洲新春,,
9575,sz000802,北京文化,,
9576,sz002387,维信诺,,
9577,sz002935,天奥电子,,
9578,sz300505,川金诺,,
9579,sh600303,曙光股份,,
9580,sh600968,海油发展,,
9581,sh603668,天马科技,,
9582,sz000803,金宇车城,,
9583,sz002388,新亚制程,,
9584,sz002936,郑州银行,,
9585,sz300506,名家汇,,
9586,sh600305,恒顺醋业,,
9587,sh600969,郴电国际,,
9588,sh603669,灵康药业,,
9589,sz000806,ST银河,,
9590,sz002389,航天彩虹,,
9591,sz002937,兴瑞科技,,
9592,sz300507,苏奥传感,,
9593,sh600306,商业城,,
9594,sh600970,中材国际,,
9595,sh603676,卫信康,,
9596,sz000807,云铝股份,,
9597,sz002390,信邦制药,,
9598,sz002938,鹏鼎控股,,
9599,sz300508,维宏股份,,
9600,sh600307,酒钢宏兴,,
9601,sh600971,恒源煤电,,
9602,sh603677,奇精机械,,
9603,sz000809,铁岭新城,,
9604,sz002391,长青股份,,
9605,sz002939,长城证券,,
9606,sz300509,新美星,,
9607,sh600308,华泰股份,,
9608,sh600973,宝胜股份,,
9609,sh603678,火炬电子,,
9610,sz000810,创维数字,,
9611,sz002392,北京利尔,,
9612,sz002940,昂利康,,
9613,sz300510,金冠股份,,
9614,sh600309,万华化学,,
9615,sh600975,新五丰,,
9616,sh603679,华体科技,,
9617,sz000811,冰轮环境,,
9618,sz002393,力生制药,,
9619,sz002941,新疆交建,,
9620,sz300511,雪榕生物,,
9621,sh600310,桂东电力,,
9622,sh600976,健民集团,,
9623,sh603680,今创集团,,
9624,sz000812,陕西金叶,,
9625,sz002394,联发股份,,
9626,sz002942,新农股份,,
9627,sz300512,中亚股份,,
9628,sh600311,荣华实业,,
9629,sh600977,中国电影,,
9630,sh603681,永冠新材,,
9631,sz000813,德展健康,,
9632,sz002395,双象股份,,
9633,sz002943,宇晶股份,,
9634,sz300513,恒实科技,,
9635,sh600312,平高电气,,
9636,sh600978,宜华生活,,
9637,sh603683,晶华新材,,
9638,sz000815,美利云,,
9639,sz002396,星网锐捷,,
9640,sz002945,华林证券,,
9641,sz300514,友讯达,,
9642,sh600313,农发种业,,
9643,sh600979,广安爱众,,
9644,sh603685,晨丰科技,,
9645,sz000816,ST慧业,,
9646,sz002397,梦洁股份,,
9647,sz002946,新乳业,,
9648,sz300515,三德科技,,
9649,sh600315,上海家化,,
9650,sh600980,北矿科技,,
9651,sh603686,龙马环卫,,
9652,sz000818,航锦科技,,
9653,sz002398,垒知集团,,
9654,sz002947,恒铭达,,
9655,sz300516,久之洋,,
9656,sh600316,洪都航空,,
9657,sh600981,汇鸿集团,,
9658,sh603687,大胜达,,
9659,sz000819,岳阳兴长,,
9660,sz002399,海普瑞,,
9661,sz002948,青岛银行,,
9662,sz300517,海波重科,,
9663,sh600317,营口港,,
9664,sh600982,宁波热电,,
9665,sh603688,石英股份,,
9666,sz000820,*ST节能,,
9667,sz002400,省广集团,,
9668,sz002949,华阳国际,,
9669,sz300518,盛讯达,,
9670,sh600318,新力金融,,
9671,sh600983,惠而浦,,
9672,sh603689,皖天然气,,
9673,sz000821,京山轻机,,
9674,sz002401,中远海科,,
9675,sz002950,奥美医疗,,
9676,sz300519,新光药业,,
9677,sh600319,ST亚星,,
9678,sh600984,建设机械,,
9679,sh603690,至纯科技,,
9680,sz000822,山东海化,,
9681,sz002402,和而泰,,
9682,sz002951,金时科技,,
9683,sz300520,科大国创,,
9684,sh600320,振华重工,,
9685,sh600985,淮北矿业,,
9686,sh603693,江苏新能,,
9687,sz000823,超声电子,,
9688,sz002403,爱仕达,,
9689,sz002952,亚世光电,,
9690,sz300521,爱司凯,,
9691,sh600321,ST正源,,
9692,sh600986,科达股份,,
9693,sh603696,安记食品,,
9694,sz000825,太钢不锈,,
9695,sz002404,嘉欣丝绸,,
9696,sz002953,日丰股份,,
9697,sz300522,世名科技,,
9698,sh600322,天房发展,,
9699,sh600987,航民股份,,
9700,sh603697,有友食品,,
9701,sz000826,启迪环境,,
9702,sz002405,四维图新,,
9703,sz002955,鸿合科技,,
9704,sz300523,辰安科技,,
9705,sh600323,瀚蓝环境,,
9706,sh600988,赤峰黄金,,
9707,sh603698,航天工程,,
9708,sz000828,东莞控股,,
9709,sz002406,远东传动,,
9710,sz002956,西麦食品,,
9711,sz300525,博思软件,,
9712,sh600325,华发股份,,
9713,sh600989,宝丰能源,,
9714,sh603699,纽威股份,,
9715,sz000829,天音控股,,
9716,sz002407,多氟多,,
9717,sz002957,科瑞技术,,
9718,sz300526,中潜股份,,
9719,sh600326,西藏天路,,
9720,sh600990,四创电子,,
9721,sh603700,宁波水表,,
9722,sz000830,鲁西化工,,
9723,sz002408,齐翔腾达,,
9724,sz002958,青农商行,,
9725,sz300527,中国应急,,
9726,sh600327,大东方,,
9727,sh600992,贵绳股份,,
9728,sh603701,德宏股份,,
9729,sz000831,五矿稀土,,
9730,sz002409,雅克科技,,
9731,sz002959,小熊电器,,
9732,sz300528,幸福蓝海,,
9733,sh600328,兰太实业,,
9734,sh600993,马应龙,,
9735,sh603703,盛洋科技,,
9736,sz000833,粤桂股份,,
9737,sz002410,广联达,,
9738,sz002960,青鸟消防,,
9739,sz300529,健帆生物,,
9740,sh600329,中新药业,,
9741,sh600995,文山电力,,
9742,sh603706,东方环宇,,
9743,sz000835,长城动漫,,
9744,sz002411,延安必康,,
9745,sz002961,瑞达期货,,
9746,sz300530,达志科技,,
9747,sh600330,天通股份,,
9748,sh600996,贵广网络,,
9749,sh603707,健友股份,,
9750,sz000836,富通鑫茂,,
9751,sz002412,汉森制药,,
9752,sz002962,五方光电,,
9753,sz300531,优博讯,,
9754,sh600331,宏达股份,,
9755,sh600997,开滦股份,,
9756,sh603708,家家悦,,
9757,sz000837,秦川机床,,
9758,sz002413,雷科防务,,
9759,sz002966,苏州银行,,
9760,sz300532,今天国际,,
9761,sh600332,白云山,,
9762,sh600998,九州通,,
9763,sh603709,中源家居,,
9764,sz000838,财信发展,,
9765,sz002414,高德红外,,
9766,sz003816,中国广核,,
9767,sz300533,冰川网络,,
9768,sh600333,长春燃气,,
9769,sh600999,招商证券,,
9770,sh603711,香飘飘,,
9771,sz000839,中信国安,,
9772,sz002415,海康威视,,
9773,sz300001,特锐德,,
9774,sz300534,陇神戎发,,
9775,sh600335,国机汽车,,
9776,sh601000,唐山港,,
9777,sh603712,七一二,,
9778,sz000848,承德露露,,
9779,sz002416,爱施德,,
9780,sz300002,神州泰岳,,
9781,sz300535,达威股份,,
9782,sh600336,澳柯玛,,
9783,sh601001,大同煤业,,
9784,sh603713,密尔克卫,,
9785,sz000850,华茂股份,,
9786,sz002417,深南股份,,
9787,sz300003,乐普医疗,,
9788,sz300536,农尚环境,,
9789,sh600337,美克家居,,
9790,sh601002,晋亿实业,,
9791,sh603716,塞力斯,,
9792,sz000851,高鸿股份,,
9793,sz002418,康盛股份,,
9794,sz300004,南风股份,,
9795,sz300537,广信材料,,
9796,sh600338,西藏珠峰,,
9797,sh601003,柳钢股份,,
9798,sh603717,天域生态,,
9799,sz000852,石化机械,,
9800,sz002419,天虹股份,,
9801,sz300005,探路者,,
9802,sz300538,同益股份,,
9803,sh600339,中油工程,,
9804,sh601005,重庆钢铁,,
9805,sh603718,海利生物,,
9806,sz000856,冀东装备,,
9807,sz002420,*ST毅昌,,
9808,sz300006,莱美药业,,
9809,sz300539,横河模具,,
9810,sh600340,华夏幸福,,
9811,sh601006,大秦铁路,,
9812,sh603721,中广天择,,
9813,sz000858,五粮液,,
9814,sz002421,达实智能,,
9815,sz300007,汉威科技,,
9816,sz300540,深冷股份,,
9817,sh600343,航天动力,,
9818,sh601007,金陵饭店,,
9819,sh603722,阿科力,,
9820,sz000859,国风塑业,,
9821,sz002422,科伦药业,,
9822,sz300008,天海防务,,
9823,sz300541,先进数通,,
9824,sh600345,长江通信,,
9825,sh601008,连云港,,
9826,sh603725,天安新材,,
9827,sz000860,顺鑫农业,,
9828,sz002423,中粮资本,,
9829,sz300009,安科生物,,
9830,sz300542,新晨科技,,
9831,sh600346,恒力石化,,
9832,sh601009,南京银行,,
9833,sh603726,朗迪集团,,
9834,sz000861,海印股份,,
9835,sz002424,贵州百灵,,
9836,sz300010,立思辰,,
9837,sz300543,朗科智能,,
9838,sh600348,阳泉煤业,,
9839,sh601010,文峰股份,,
9840,sh603727,博迈科,,
9841,sz000862,银星能源,,
9842,sz002425,凯撒文化,,
9843,sz300011,鼎汉技术,,
9844,sz300545,联得装备,,
9845,sh600350,山东高速,,
9846,sh601011,宝泰隆,,
9847,sh603728,鸣志电器,,
9848,sz000863,三湘印象,,
9849,sz002426,胜利精密,,
9850,sz300012,华测检测,,
9851,sz300546,雄帝科技,,
9852,sh600351,亚宝药业,,
9853,sh601012,隆基股份,,
9854,sh603729,龙韵股份,,
9855,sz000868,*ST安凯,,
9856,sz002427,*ST尤夫,,
9857,sz300013,新宁物流,,
9858,sz300547,川环科技,,
9859,sh600352,浙江龙盛,,
9860,sh601015,陕西黑猫,,
9861,sh603730,岱美股份,,
9862,sz000869,张裕A,,
9863,sz002428,云南锗业,,
9864,sz300014,亿纬锂能,,
9865,sz300548,博创科技,,
9866,sh600353,旭光股份,,
9867,sh601016,节能风电,,
9868,sh603733,仙鹤股份,,
9869,sz000875,吉电股份,,
9870,sz002429,兆驰股份,,
9871,sz300015,爱尔眼科,,
9872,sz300549,优德精密,,
9873,sh600354,敦煌种业,,
9874,sh601018,宁波港,,
9875,sh603737,三棵树,,
9876,sz000876,新希望,,
9877,sz002430,杭氧股份,,
9878,sz300016,北陆药业,,
9879,sz300550,和仁科技,,
9880,sh600355,精伦电子,,
9881,sh601019,山东出版,,
9882,sh603738,泰晶科技,,
9883,sz000877,天山股份,,
9884,sz002431,棕榈股份,,
9885,sz300017,网宿科技,,
9886,sz300551,古鳌科技,,
9887,sh600356,恒丰纸业,,
9888,sh601020,华钰矿业,,
9889,sh603739,蔚蓝生物,,
9890,sz000878,云南铜业,,
9891,sz002432,九安医疗,,
9892,sz300018,中元股份,,
9893,sz300552,万集科技,,
9894,sh600358,国旅联合,,
9895,sh601021,春秋航空,,
9896,sh603755,日辰股份,,
9897,sz000880,潍柴重机,,
9898,sz002433,太安堂,,
9899,sz300019,硅宝科技,,
9900,sz300553,集智股份,,
9901,sh600359,新农开发,,
9902,sh601028,玉龙股份,,
9903,sh603757,大元泵业,,
9904,sz000881,中广核技,,
9905,sz002434,万里扬,,
9906,sz300020,银江股份,,
9907,sz300554,三超新材,,
9908,sh600360,华微电子,,
9909,sh601038,一拖股份,,
9910,sh603758,秦安股份,,
9911,sz000882,华联股份,,
9912,sz002435,长江健康,,
9913,sz300021,大禹节水,,
9914,sz300555,路通视信,,
9915,sh600361,华联综超,,
9916,sh601058,赛轮轮胎,,
9917,sh603766,隆鑫通用,,
9918,sz000883,湖北能源,,
9919,sz002436,兴森科技,,
9920,sz300022,吉峰科技,,
9921,sz300556,丝路视觉,,
9922,sh600362,江西铜业,,
9923,sh601066,中信建投,,
9924,sh603767,中马传动,,
9925,sz000885,城发环境,,
9926,sz002437,誉衡药业,,
9927,sz300023,宝德股份,,
9928,sz300557,理工光科,,
9929,sh600363,联创光电,,
9930,sh601068,中铝国际,,
9931,sh603768,常青股份,,
9932,sz000886,海南高速,,
9933,sz002438,江苏神通,,
9934,sz300024,机器人,,
9935,sz300558,贝达药业,,
9936,sh600365,通葡股份,,
9937,sh601069,西部黄金,,
9938,sh603773,沃格光电,,
9939,sz000887,中鼎股份,,
9940,sz002439,启明星辰,,
9941,sz300025,华星创业,,
9942,sz300559,佳发教育,,
9943,sh600366,宁波韵升,,
9944,sh601086,国芳集团,,
9945,sh603776,永安行,,
9946,sz000888,峨眉山A,,
9947,sz002440,闰土股份,,
9948,sz300026,红日药业,,
9949,sz300560,中富通,,
9950,sh600367,红星发展,,
9951,sh601088,中国神华,,
9952,sh603777,来伊份,,
9953,sz000889,中嘉博创,,
9954,sz002441,众业达,,
9955,sz300027,华谊兄弟,,
9956,sz300561,汇金科技,,
9957,sh600368,五洲交通,,
9958,sh601098,中南传媒,,
9959,sh603778,乾景园林,,
9960,sz000890,法尔胜,,
9961,sz002442,龙星化工,,
9963,sz300562,乐心医疗,,
9964,sh600369,西南证券,,
9965,sh601099,太平洋,,
9966,sh603779,ST威龙,,
9967,sz000892,欢瑞世纪,,
9968,sz002443,金洲管道,,
9969,sz300029,天龙光电,,
9970,sz300563,神宇股份,,
9971,sh600370,三房巷,,
9972,sh601100,恒立液压,,
9973,sh603786,科博达,,
9974,sz000893,东凌国际,,
9975,sz002444,巨星科技,,
9976,sz300030,阳普医疗,,
9977,sz300565,科信技术,,
9978,sh600371,万向德农,,
9979,sh601101,昊华能源,,
9980,sh603787,新日股份,,
9981,sz000895,双汇发展,,
9982,sz002445,ST中南,,
9983,sz300031,宝通科技,,
9984,sz300566,激智科技,,
9985,sh600372,中航电子,,
9986,sh601106,中国一重,,
9987,sh603788,宁波高发,,
9988,sz000897,*ST津滨,,
9989,sz002446,盛路通信,,
9990,sz300032,金龙机电,,
9991,sz300567,精测电子,,
9992,sh600373,中文传媒,,
9993,sh601108,财通证券,,
9994,sh603789,星光农机,,
9995,sz000898,鞍钢股份,,
9996,sz002447,晨鑫科技,,
9997,sz300033,同花顺,,
9998,sz300568,星源材质,,
9999,sh600375,华菱星马,,
10000,sh601111,中国国航,,
10001,sh603790,雅运股份,,
10002,sz000899,赣能股份,,
10003,sz002448,中原内配,,
10004,sz300034,钢研高纳,,
10005,sz300569,天能重工,,
10006,sh600376,首开股份,,
10007,sh601113,ST华鼎,,
10008,sh603797,联泰环保,,
10009,sz000900,现代投资,,
10010,sz002449,国星光电,,
10011,sz300035,中科电气,,
10012,sz300570,太辰光,,
10013,sh600377,宁沪高速,,
10014,sh601116,三江购物,,
10015,sh603798,康普顿,,
10016,sz000901,航天科技,,
10018,sz300036,超图软件,,
10019,sz300571,平治信息,,
10020,sh600378,昊华科技,,
10021,sh601117,中国化学,,
10022,sh603799,华友钴业,,
10023,sz000902,新洋丰,,
10024,sz002451,摩恩电气,,
10025,sz300037,新宙邦,,
10026,sz300572,安车检测,,
10027,sh600379,宝光股份,,
10028,sh601118,海南橡胶,,
10029,sh603800,道森股份,,
10030,sz000903,云内动力,,
10031,sz002452,长高集团,,
10032,sz300038,数知科技,,
10033,sz300573,兴齐眼药,,
10034,sh600380,健康元,,
10035,sh601126,四方股份,,
10036,sh603801,志邦家居,,
10037,sz000905,厦门港务,,
10038,sz002453,华软科技,,
10039,sz300039,上海凯宝,,
10040,sz300575,中旗股份,,
10041,sh600381,青海春天,,
10042,sh601127,小康股份,,
10043,sh603803,瑞斯康达,,
10044,sz000906,浙商中拓,,
10045,sz002454,松芝股份,,
10046,sz300040,九洲电气,,
10047,sz300576,容大感光,,
10048,sh600382,广东明珠,,
10049,sh601128,常熟银行,,
10050,sh603806,福斯特,,
10051,sz000908,景峰医药,,
10052,sz002455,百川股份,,
10053,sz300041,回天新材,,
10054,sz300577,开润股份,,
10055,sh600383,金地集团,,
10056,sh601137,博威合金,,
10057,sh603808,歌力思,,
10058,sz000909,数源科技,,
10059,sz002456,欧菲光,,
10060,sz300042,朗科科技,,
10061,sz300578,会畅通讯,,
10062,sh600385,*ST金泰,,
10063,sh601138,工业富联,,
10064,sh603809,豪能股份,,
10065,sz000910,大亚圣象,,
10066,sz002457,青龙管业,,
10067,sz300043,星辉娱乐,,
10068,sz300579,数字认证,,
10069,sh600386,北巴传媒,,
10070,sh601139,深圳燃气,,
10071,sh603810,丰山集团,,
10072,sz000911,*ST南糖,,
10073,sz002458,益生股份,,
10074,sz300044,赛为智能,,
10075,sz300580,贝斯特,,
10076,sh600387,海越能源,,
10077,sh601155,新城控股,,
10078,sh603811,诚意药业,,
10079,sz000912,泸天化,,
10080,sz002459,晶澳科技,,
10081,sz300045,华力创通,,
10082,sz300581,晨曦航空,,
10083,sh600388,龙净环保,,
10084,sh601158,重庆水务,,
10085,sh603813,原尚股份,,
10086,sz000913,钱江摩托,,
10087,sz002460,赣锋锂业,,
10088,sz300046,台基股份,,
10089,sz300582,英飞特,,
10090,sh600389,江山股份,,
10091,sh601162,天风证券,,
10092,sh603815,交建股份,,
10093,sz000915,山大华特,,
10094,sz002461,珠江啤酒,,
10095,sz300047,天源迪科,,
10096,sz300583,赛托生物,,
10097,sh600390,五矿资本,,
10098,sh601163,三角轮胎,,
10099,sh603816,顾家家居,,
10100,sz000916,华北高速,,
10101,sz002462,嘉事堂,,
10102,sz300048,合康新能,,
10103,sz300584,海辰药业,,
10104,sh600391,航发科技,,
10105,sh601166,兴业银行,,
10106,sh603817,海峡环保,,
10107,sz000917,电广传媒,,
10108,sz002463,沪电股份,,
10109,sz300049,福瑞股份,,
10110,sz300585,奥联电子,,
10111,sh600392,盛和资源,,
10112,sh601168,西部矿业,,
10113,sh603818,曲美家居,,
10114,sz000918,嘉凯城,,
10115,sz002464,众应互联,,
10116,sz300050,世纪鼎利,,
10117,sz300586,美联新材,,
10118,sh600393,粤泰股份,,
10119,sh601169,北京银行,,
10120,sh603819,神力股份,,
10121,sz000919,金陵药业,,
10122,sz002465,海格通信,,
10123,sz300051,三五互联,,
10124,sz300587,天铁股份,,
10125,sh600395,盘江股份,,
10126,sh601177,杭齿前进,,
10127,sh603822,嘉澳环保,,
10128,sz000920,南方汇通,,
10129,sz002466,天齐锂业,,
10130,sz300052,中青宝,,
10131,sz300588,熙菱信息,,
10132,sh600396,*ST金山,,
10133,sh601179,中国西电,,
10134,sh603823,百合花,,
10135,sz000921,海信家电,,
10136,sz002467,二六三,,
10137,sz300053,欧比特,,
10138,sz300589,江龙船艇,,
10139,sh600397,安源煤业,,
10140,sh601186,中国铁建,,
10141,sh603825,华扬联众,,
10142,sz000922,佳电股份,,
10143,sz002468,申通快递,,
10144,sz300054,鼎龙股份,,
10145,sz300590,移为通信,,
10146,sh600398,海澜之家,,
10147,sh601188,龙江交通,,
10148,sh603826,坤彩科技,,
10149,sz000923,河钢资源,,
10150,sz002469,三维工程,,
10151,sz300055,万邦达,,
10152,sz300591,万里马,,
10153,sh600399,ST抚钢,,
10154,sh601198,东兴证券,,
10155,sh603828,柯利达,,
10156,sz000925,众合科技,,
10157,sz002470,金正大,,
10158,sz300056,中创环保,,
10159,sz300592,华凯创意,,
10161,sh601199,江南水务,,
10162,sh603829,洛凯股份,,
10163,sz000926,福星股份,,
10164,sz002471,中超控股,,
10165,sz300057,万顺新材,,
10166,sz300593,新雷能,,
10167,sh600403,大有能源,,
10168,sh601200,上海环境,,
10169,sh603833,欧派家居,,
10170,sz000927,一汽夏利,,
10171,sz002472,双环传动,,
10172,sz300058,蓝色光标,,
10173,sz300594,朗进科技,,
10174,sh600405,动力源,,
10176,sh603838,四通股份,,
10177,sz000928,中钢国际,,
10178,sz002473,圣莱达,,
10179,sz300059,东方财富,,
10180,sz300595,欧普康视,,
10181,sh600406,国电南瑞,,
10182,sh601208,东材科技,,
10183,sh603839,安正时尚,,
10184,sz000929,兰州黄河,,
10185,sz002474,榕基软件,,
10186,sz300061,旗天科技,,
10187,sz300596,利安隆,,
10188,sh600408,ST安泰,,
10189,sh601211,国泰君安,,
10190,sh603843,正平股份,,
10191,sz000930,中粮科技,,
10192,sz002475,立讯精密,,
10193,sz300062,中能电气,,
10194,sz300597,吉大通信,,
10195,sh600409,三友化工,,
10196,sh601212,白银有色,,
10197,sh603848,好太太,,
10198,sz000931,中关村,,
10199,sz002476,宝莫股份,,
10200,sz300063,天龙集团,,
10201,sz300598,诚迈科技,,
10202,sh600410,华胜天成,,
10203,sh601216,君正集团,,
10204,sh603855,华荣股份,,
10205,sz000932,华菱钢铁,,
10207,sz300064,豫金刚石,,
10208,sz300599,雄塑科技,,
10209,sh600415,小商品城,,
10210,sh601218,吉鑫科技,,
10211,sh603856,东宏股份,,
10212,sz000933,神火股份,,
10213,sz002478,常宝股份,,
10214,sz300065,海兰信,,
10215,sz300600,瑞特股份,,
10216,sh600416,湘电股份,,
10217,sh601222,林洋能源,,
10218,sh603858,步长制药,,
10219,sz000935,四川双马,,
10220,sz002479,富春环保,,
10221,sz300066,三川智慧,,
10222,sz300601,康泰生物,,
10223,sh600418,江淮汽车,,
10224,sh601225,陕西煤业,,
10225,sh603859,能科股份,,
10226,sz000936,华西股份,,
10227,sz002480,新筑股份,,
10228,sz300067,安诺其,,
10229,sz300602,飞荣达,,
10230,sh600419,天润乳业,,
10231,sh601226,华电重工,,
10232,sh603860,中公高科,,
10233,sz000937,冀中能源,,
10234,sz002481,双塔食品,,
10235,sz300068,南都电源,,
10236,sz300603,立昂技术,,
10237,sh600420,现代制药,,
10238,sh601228,广州港,,
10239,sh603861,白云电器,,
10240,sz000938,紫光股份,,
10241,sz002482,广田集团,,
10242,sz300069,金利华电,,
10243,sz300604,长川科技,,
10244,sh600421,*ST仰帆,,
10245,sh601229,上海银行,,
10246,sh603863,松炀资源,,
10248,sz002483,润邦股份,,
10249,sz300070,碧水源,,
10250,sz300605,恒锋信息,,
10251,sh600422,昆药集团,,
10252,sh601231,环旭电子,,
10253,sh603866,桃李面包,,
10254,sz000948,南天信息,,
10255,sz002484,江海股份,,
10256,sz300071,华谊嘉信,,
10257,sz300606,金太阳,,
10258,sh600423,ST柳化,,
10259,sh601233,桐昆股份,,
10260,sh603867,新化股份,,
10261,sz000949,新乡化纤,,
10262,sz002485,希努尔,,
10263,sz300072,三聚环保,,
10264,sz300607,拓斯达,,
10265,sh600425,青松建化,,
10266,sh601236,红塔证券,,
10267,sh603868,飞科电器,,
10268,sz000950,重药控股,,
10269,sz002486,嘉麟杰,,
10270,sz300073,当升科技,,
10271,sz300608,思特奇,,
10272,sh600426,华鲁恒升,,
10273,sh601238,广汽集团,,
10274,sh603869,新智认知,,
10275,sz000951,中国重汽,,
10276,sz002487,大金重工,,
10277,sz300074,华平股份,,
10278,sz300609,汇纳科技,,
10279,sh600428,中远海特,,
10280,sh601258,ST庞大,,
10281,sh603871,嘉友国际,,
10282,sz000952,广济药业,,
10283,sz002488,金固股份,,
10284,sz300075,数字政通,,
10285,sz300610,晨化股份,,
10286,sh600429,三元股份,,
10287,sh601288,农业银行,,
10288,sh603876,鼎胜新材,,
10289,sz000953,*ST河化,,
10290,sz002489,浙江永强,,
10291,sz300076,GQY视讯,,
10292,sz300611,美力科技,,
10294,sh601298,青岛港,,
10295,sh603877,太平鸟,,
10296,sz000955,欣龙控股,,
10297,sz002490,山东墨龙,,
10298,sz300077,国民技术,,
10299,sz300612,宣亚国际,,
10300,sh600433,冠豪高新,,
10301,sh601311,骆驼股份,,
10302,sh603878,武进不锈,,
10303,sz000957,中通客车,,
10304,sz002491,通鼎互联,,
10305,sz300078,思创医惠,,
10306,sz300613,富瀚微,,
10307,sh600435,北方导航,,
10308,sh601318,中国平安,,
10309,sh603879,永悦科技,,
10310,sz000958,东方能源,,
10311,sz002492,恒基达鑫,,
10312,sz300079,数码科技,,
10313,sz300615,欣天科技,,
10314,sh600436,片仔癀,,
10315,sh601319,中国人保,,
10316,sh603880,南卫股份,,
10317,sz000959,首钢股份,,
10318,sz002493,荣盛石化,,
10319,sz300080,易成新能,,
10320,sz300616,尚品宅配,,
10321,sh600438,通威股份,,
10322,sh601326,秦港股份,,
10323,sh603881,数据港,,
10324,sz000960,锡业股份,,
10325,sz002494,华斯股份,,
10326,sz300081,恒信东方,,
10327,sz300617,安靠智电,,
10328,sh600439,瑞贝卡,,
10329,sh601328,交通银行,,
10330,sh603882,金域医学,,
10331,sz000961,中南建设,,
10332,sz002495,佳隆股份,,
10333,sz300082,奥克股份,,
10334,sz300618,寒锐钴业,,
10335,sh600444,国机通用,,
10336,sh601330,绿色动力,,
10337,sh603883,老百姓,,
10338,sz000962,东方钽业,,
10339,sz002496,辉丰股份,,
10340,sz300083,劲胜智能,,
10341,sz300619,金银河,,
10342,sh600446,金证股份,,
10343,sh601333,广深铁路,,
10344,sh603885,吉祥航空,,
10345,sz000963,华东医药,,
10346,sz002497,雅化集团,,
10347,sz300084,海默科技,,
10348,sz300620,光库科技,,
10349,sh600448,华纺股份,,
10350,sh601336,新华保险,,
10351,sh603886,元祖股份,,
10352,sz000965,天保基建,,
10353,sz002498,汉缆股份,,
10354,sz300085,银之杰,,
10355,sz300621,维业股份,,
10356,sh600449,宁夏建材,,
10357,sh601339,百隆东方,,
10358,sh603887,城地股份,,
10359,sz000966,长源电力,,
10360,sz002499,*ST科林,,
10361,sz300086,康芝药业,,
10362,sz300622,博士眼镜,,
10363,sh600452,涪陵电力,,
10364,sh601360,三六零,,
10365,sh603888,新华网,,
10366,sz000967,盈峰环境,,
10367,sz002500,山西证券,,
10368,sz300087,荃银高科,,
10369,sz300623,捷捷微电,,
10370,sh600455,博通股份,,
10371,sh601366,利群股份,,
10372,sh603889,新澳股份,,
10373,sz000968,蓝焰控股,,
10374,sz002501,*ST利源,,
10375,sz300088,长信科技,,
10376,sz300624,万兴科技,,
10377,sh600456,宝钛股份,,
10378,sh601368,绿城水务,,
10379,sh603890,春秋电子,,
10380,sz000969,安泰科技,,
10381,sz002502,鼎龙文化,,
10382,sz300089,文化长城,,
10383,sz300625,三雄极光,,
10384,sh600458,时代新材,,
10385,sh601369,陕鼓动力,,
10386,sh603895,天永智能,,
10387,sz000970,中科三环,,
10388,sz002503,搜于特,,
10390,sz300626,华瑞股份,,
10391,sh600459,贵研铂业,,
10392,sh601375,中原证券,,
10393,sh603896,寿仙谷,,
10394,sz000971,*ST高升,,
10395,sz002504,弘高创意,,
10396,sz300091,金通灵,,
10397,sz300627,华测导航,,
10398,sh600460,士兰微,,
10399,sh601377,兴业证券,,
10400,sh603897,长城科技,,
10401,sz000972,ST中基,,
10402,sz002505,大康农业,,
10403,sz300092,科新机电,,
10404,sz300628,亿联网络,,
10405,sh600461,洪城水业,,
10406,sh601388,怡球资源,,
10407,sh603898,好莱客,,
10408,sz000973,佛塑科技,,
10409,sz002506,协鑫集成,,
10410,sz300093,金刚玻璃,,
10411,sz300629,新劲刚,,
10412,sh600462,*ST九有,,
10413,sh601390,中国中铁,,
10414,sh603899,晨光文具,,
10415,sz000975,银泰黄金,,
10416,sz002507,涪陵榨菜,,
10417,sz300094,国联水产,,
10418,sz300630,普利制药,,
10419,sh600463,空港股份,,
10420,sh601398,工商银行,,
10421,sh603900,莱绅通灵,,
10422,sz000976,华铁股份,,
10423,sz002508,老板电器,,
10424,sz300095,华伍股份,,
10425,sz300631,久吾高科,,
10426,sh600466,蓝光发展,,
10427,sh601500,通用股份,,
10428,sh603901,永创智能,,
10429,sz000977,浪潮信息,,
10431,sz300096,易联众,,
10432,sz300632,光莆股份,,
10433,sh600467,好当家,,
10434,sh601515,东风股份,,
10435,sh603903,中持股份,,
10436,sz000978,桂林旅游,,
10437,sz002510,天汽模,,
10438,sz300097,智云股份,,
10439,sz300633,开立医疗,,
10440,sh600468,百利电气,,
10441,sh601518,吉林高速,,
10442,sh603906,龙蟠科技,,
10444,sz002511,中顺洁柔,,
10445,sz300098,高新兴,,
10446,sz300634,彩讯股份,,
10447,sh600469,风神股份,,
10448,sh601519,大智慧,,
10449,sh603908,牧高笛,,
10450,sz000980,众泰汽车,,
10451,sz002512,达华智能,,
10452,sz300099,精准信息,,
10453,sz300635,中达安,,
10454,sh600470,六国化工,,
10455,sh601555,东吴证券,,
10456,sh603909,合诚股份,,
10457,sz000981,ST银亿,,
10458,sz002513,蓝丰生化,,
10459,sz300100,双林股份,,
10460,sz300636,同和药业,,
10461,sh600475,华光股份,,
10463,sh603912,佳力图,,
10464,sz000982,*ST中绒,,
10465,sz002514,宝馨科技,,
10466,sz300101,振芯科技,,
10467,sz300637,扬帆新材,,
10468,sh600476,湘邮科技,,
10469,sh601566,九牧王,,
10470,sh603915,国茂股份,,
10471,sz000983,西山煤电,,
10472,sz002515,金字火腿,,
10473,sz300102,乾照光电,,
10474,sz300638,广和通,,
10475,sh600477,杭萧钢构,,
10476,sh601567,三星医疗,,
10477,sh603916,苏博特,,
10478,sz000985,大庆华科,,
10479,sz002516,旷达科技,,
10480,sz300103,达刚控股,,
10481,sz300639,凯普生物,,
10482,sh600478,科力远,,
10483,sh601577,长沙银行,,
10484,sh603917,合力科技,,
10485,sz000987,越秀金控,,
10486,sz002517,恺英网络,,
10488,sz300640,德艺文创,,
10489,sh600479,千金药业,,
10490,sh601579,会稽山,,
10491,sh603918,金桥信息,,
10492,sz000988,华工科技,,
10493,sz002518,科士达,,
10494,sz300105,龙源技术,,
10495,sz300641,正丹股份,,
10496,sh600480,凌云股份,,
10497,sh601588,北辰实业,,
10498,sh603919,金徽酒,,
10499,sz000989,九芝堂,,
10500,sz002519,银河电子,,
10501,sz300106,西部牧业,,
10502,sz300642,透景生命,,
10503,sh600481,双良节能,,
10504,sh601595,上海电影,,
10505,sh603920,世运电路,,
10506,sz000990,诚志股份,,
10507,sz002520,日发精机,,
10508,sz300107,建新股份,,
10509,sz300643,万通智控,,
10510,sh600482,中国动力,,
10511,sh601598,中国外运,,
10512,sh603922,金鸿顺,,
10513,sz000993,闽东电力,,
10514,sz002521,齐峰新材,,
10515,sz300108,吉药控股,,
10516,sz300644,南京聚隆,,
10517,sh600483,福能股份,,
10518,sh601599,鹿港文化,,
10519,sh603926,铁流股份,,
10520,sz000995,*ST皇台,,
10521,sz002522,浙江众成,,
10522,sz300109,新开源,,
10523,sz300645,正元智慧,,
10525,sh601600,中国铝业,,
10526,sh603927,中科软,,
10527,sz000996,中国中期,,
10528,sz002523,天桥起重,,
10529,sz300110,华仁药业,,
10531,sh600486,扬农化工,,
10532,sh601601,中国太保,,
10533,sh603928,兴业股份,,
10534,sz000997,新大陆,,
10535,sz002524,光正集团,,
10536,sz300111,向日葵,,
10537,sz300647,超频三,,
10538,sh600487,亨通光电,,
10539,sh601606,长城军工,,
10540,sh603929,亚翔集成,,
10541,sz000998,隆平高科,,
10542,sz002526,山东矿机,,
10543,sz300112,万讯自控,,
10544,sz300648,星云股份,,
10545,sh600488,天药股份,,
10546,sh601607,上海医药,,
10547,sh603933,睿能科技,,
10548,sz000999,华润三九,,
10549,sz002527,新时达,,
10550,sz300113,顺网科技,,
10551,sz300649,杭州园林,,
10552,sh600489,中金黄金,,
10553,sh601608,中信重工,,
10554,sh603936,博敏电子,,
10555,sz001696,宗申动力,,
10556,sz002528,英飞拓,,
10557,sz300114,中航电测,,
10558,sz300650,太龙照明,,
10559,sh600490,鹏欣资源,,
10560,sh601611,中国核建,,
10561,sh603937,丽岛新材,,
10562,sz001872,招商港口,,
10563,sz002529,海源复材,,
10564,sz300115,长盈精密,,
10565,sz300651,金陵体育,,
10566,sh600491,龙元建设,,
10567,sh601615,明阳智能,,
10568,sh603938,三孚股份,,
10569,sz001896,豫能控股,,
10570,sz002530,金财互联,,
10571,sz300116,坚瑞沃能,,
10572,sz300652,雷迪克,,
10573,sh600493,凤竹纺织,,
10574,sh601616,广电电气,,
10575,sh603939,益丰药房,,
10576,sz001965,招商公路,,
10577,sz002531,天顺风能,,
10578,sz300117,嘉寓股份,,
10579,sz300653,正海生物,,
10580,sh600495,晋西车轴,,
10581,sh601618,中国中冶,,
10582,sh603955,大千生态,,
10583,sz001979,招商蛇口,,
10584,sz002532,新界泵业,,
10585,sz300118,东方日升,,
10586,sz300654,世纪天鸿,,
10587,sh600496,精工钢构,,
10588,sh601619,嘉泽新能,,
10589,sh603956,威派格,,
10590,sz002001,新和成,,
10591,sz002533,金杯电工,,
10592,sz300119,瑞普生物,,
10593,sz300655,晶瑞股份,,
10594,sh600497,驰宏锌锗,,
10595,sh601628,中国人寿,,
10596,sh603958,哈森股份,,
10597,sz002002,鸿达兴业,,
10598,sz002534,杭锅股份,,
10599,sz300120,经纬辉开,,
10600,sz300656,民德电子,,
10601,sh600498,烽火通信,,
10602,sh601633,长城汽车,,
10603,sh603959,百利科技,,
10604,sz002003,伟星股份,,
10605,sz002535,林州重机,,
10606,sz300121,阳谷华泰,,
10607,sz300657,弘信电子,,
10608,sh600499,科达洁能,,
10609,sh601636,旗滨集团,,
10610,sh603960,克来机电,,
10611,sz002004,华邦健康,,
10612,sz002536,飞龙股份,,
10613,sz300122,智飞生物,,
10614,sz300658,延江股份,,
10615,sh600500,中化国际,,
10616,sh601666,平煤股份,,
10617,sh603963,大理药业,,
10618,sz002005,*ST德豪,,
10619,sz002537,海联金汇,,
10620,sz300123,亚光科技,,
10621,sz300659,中孚信息,,
10622,sh600501,航天晨光,,
10623,sh601668,中国建筑,,
10624,sh603966,法兰泰克,,
10625,sz002006,精功科技,,
10626,sz002538,司尔特,,
10627,sz300124,汇川技术,,
10628,sz300660,江苏雷利,,
10629,sh600502,安徽建工,,
10630,sh601669,中国电建,,
10631,sh603967,中创物流,,
10632,sz002007,华兰生物,,
10633,sz002539,云图控股,,
10634,sz300125,易世达,,
10635,sz300661,圣邦股份,,
10636,sh600503,华丽家族,,
10637,sh601677,明泰铝业,,
10638,sh603968,醋化股份,,
10639,sz002008,大族激光,,
10640,sz002540,亚太科技,,
10641,sz300126,锐奇股份,,
10642,sz300662,科锐国际,,
10643,sh600505,西昌电力,,
10644,sh601678,滨化股份,,
10645,sh603969,银龙股份,,
10646,sz002009,天奇股份,,
10647,sz002541,鸿路钢构,,
10648,sz300127,银河磁体,,
10649,sz300663,科蓝软件,,
10650,sh600506,香梨股份,,
10651,sh601688,华泰证券,,
10652,sh603970,中农立华,,
10653,sz002010,传化智联,,
10654,sz002542,中化岩土,,
10655,sz300128,锦富技术,,
10656,sz300664,鹏鹞环保,,
10657,sh600507,方大特钢,,
10658,sh601689,拓普集团,,
10659,sh603976,正川股份,,
10660,sz002011,盾安环境,,
10661,sz002543,万和电气,,
10662,sz300129,泰胜风能,,
10663,sz300665,飞鹿股份,,
10664,sh600508,上海能源,,
10665,sh601698,中国卫通,,
10666,sh603977,国泰集团,,
10667,sz002012,凯恩股份,,
10668,sz002544,杰赛科技,,
10669,sz300130,新国都,,
10670,sz300666,江丰电子,,
10671,sh600509,天富能源,,
10672,sh601699,潞安环能,,
10673,sh603978,深圳新星,,
10674,sz002013,中航机电,,
10675,sz002545,东方铁塔,,
10676,sz300131,英唐智控,,
10677,sz300667,必创科技,,
10678,sh600510,黑牡丹,,
10679,sh601700,风范股份,,
10680,sh603979,金诚信,,
10681,sz002014,永新股份,,
10682,sz002546,新联电子,,
10683,sz300132,青松股份,,
10684,sz300668,杰恩设计,,
10685,sh600511,国药股份,,
10686,sh601717,郑煤机,,
10687,sh603980,吉华集团,,
10688,sz002015,协鑫能科,,
10689,sz002547,春兴精工,,
10690,sz300133,华策影视,,
10691,sz300669,沪宁股份,,
10692,sh600512,腾达建设,,
10693,sh601718,际华集团,,
10694,sh603982,泉峰汽车,,
10695,sz002016,世荣兆业,,
10696,sz002548,金新农,,
10697,sz300134,大富科技,,
10698,sz300670,大烨智能,,
10699,sh600513,联环药业,,
10700,sh601727,上海电气,,
10701,sh603983,丸美股份,,
10702,sz002017,东信和平,,
10703,sz002549,凯美特气,,
10704,sz300135,宝利国际,,
10705,sz300671,富满电子,,
10706,sh600515,海航基础,,
10707,sh601766,中国中车,,
10708,sh603985,恒润股份,,
10710,sz002550,千红制药,,
10711,sz300136,信维通信,,
10712,sz300672,国科微,,
10713,sh600516,方大炭素,,
10714,sh601777,力帆股份,,
10715,sh603986,兆易创新,,
10716,sz002019,亿帆医药,,
10717,sz002551,尚荣医疗,,
10718,sz300137,先河环保,,
10719,sz300673,佩蒂股份,,
10720,sh600517,置信电气,,
10721,sh601788,光大证券,,
10722,sh603987,康德莱,,
10723,sz002020,京新药业,,
10724,sz002552,宝鼎科技,,
10725,sz300138,晨光生物,,
10726,sz300674,宇信科技,,
10727,sh600518,ST康美,,
10728,sh601789,宁波建工,,
10729,sh603988,中电电机,,
10730,sz002021,*ST中捷,,
10731,sz002553,南方轴承,,
10732,sz300139,晓程科技,,
10733,sz300675,建科院,,
10734,sh600519,贵州茅台,,
10735,sh601798,ST蓝科,,
10736,sh603989,艾华集团,,
10737,sz002022,科华生物,,
10738,sz002554,惠博普,,
10739,sz300140,中环装备,,
10740,sz300676,华大基因,,
10741,sh600520,文一科技,,
10742,sh601799,星宇股份,,
10743,sh603990,麦迪科技,,
10744,sz002023,海特高新,,
10745,sz002555,三七互娱,,
10746,sz300141,和顺电气,,
10747,sz300677,英科医疗,,
10748,sh600521,华海药业,,
10749,sh601800,中国交建,,
10750,sh603991,至正股份,,
10751,sz002024,苏宁易购,,
10752,sz002556,辉隆股份,,
10753,sz300142,沃森生物,,
10754,sz300678,中科信息,,
10755,sh600522,中天科技,,
10756,sh601801,皖新传媒,,
10757,sh603992,松霖科技,,
10758,sz002025,航天电器,,
10759,sz002557,洽洽食品,,
10760,sz300143,盈康生命,,
10761,sz300679,电连技术,,
10762,sh600523,贵航股份,,
10763,sh601808,中海油服,,
10764,sh603993,洛阳钼业,,
10765,sz002026,山东威达,,
10766,sz002558,巨人网络,,
10767,sz300144,宋城演艺,,
10768,sz300680,隆盛科技,,
10769,sh600525,长园集团,,
10770,sh601811,新华文轩,,
10771,sh603996,ST中新,,
10772,sz002027,分众传媒,,
10773,sz002559,亚威股份,,
10774,sz300145,中金环境,,
10775,sz300681,英搏尔,,
10776,sh600526,*ST菲达,,
10777,sh601818,光大银行,,
10778,sh603997,继峰股份,,
10779,sz002028,思源电气,,
10780,sz002560,通达股份,,
10781,sz300146,汤臣倍健,,
10782,sz300682,朗新科技,,
10783,sh600527,江南高纤,,
10784,sh601828,美凯龙,,
10785,sh603998,方盛制药,,
10786,sz002029,七匹狼,,
10787,sz002561,徐家汇,,
10788,sz300147,香雪制药,,
10789,sz300683,海特生物,,
10790,sh600528,中铁工业,,
10791,sh601838,成都银行,,
10792,sh603999,读者传媒,,
10793,sz002030,达安基因,,
10794,sz002562,兄弟科技,,
10795,sz300148,天舟文化,,
10796,sz300684,中石科技,,
10797,sh600529,山东药玻,,
10798,sh601857,中国石油,,
10799,sh688001,华兴源创,,
10800,sz002031,巨轮智能,,
10801,sz002563,森马服饰,,
10802,sz300149,量子生物,,
10803,sz300685,艾德生物,,
10804,sh600530,交大昂立,,
10805,sh601858,中国科传,,
10806,sh688002,睿创微纳,,
10807,sz002032,苏泊尔,,
10808,sz002564,天沃科技,,
10809,sz300150,世纪瑞尔,,
10810,sz300686,智动力,,
10811,sh600531,豫光金铅,,
10812,sh601860,紫金银行,,
10813,sh688003,天准科技,,
10814,sz002033,丽江旅游,,
10815,sz002565,顺灏股份,,
10816,sz300151,昌红科技,,
10817,sz300687,赛意信息,,
10818,sh600532,宏达矿业,,
10819,sh601865,福莱特,,
10820,sh688005,容百科技,,
10821,sz002034,旺能环境,,
10822,sz002566,益盛药业,,
10823,sz300152,科融环境,,
10824,sz300688,创业黑马,,
10825,sh600533,栖霞建设,,
10826,sh601866,中远海发,,
10827,sh688006,杭可科技,,
10828,sz002035,华帝股份,,
10829,sz002567,唐人神,,
10830,sz300153,科泰电源,,
10831,sz300689,澄天伟业,,
10832,sh600535,天士力,,
10833,sh601869,长飞光纤,,
10834,sh688007,光峰科技,,
10835,sz002036,联创电子,,
10836,sz002568,百润股份,,
10837,sz300154,瑞凌股份,,
10838,sz300690,双一科技,,
10839,sh600536,中国软件,,
10840,sh601872,招商轮船,,
10841,sh688008,澜起科技,,
10842,sz002037,保利联合,,
10843,sz002569,*ST步森,,
10844,sz300155,安居宝,,
10845,sz300691,联合光电,,
10846,sh600537,亿晶光电,,
10847,sh601877,正泰电器,,
10848,sh688010,福光股份,,
10849,sz002038,双鹭药业,,
10850,sz002570,贝因美,,
10852,sz300692,中环环保,,
10853,sh600538,国发股份,,
10854,sh601878,浙商证券,,
10855,sh688011,新光光电,,
10856,sz002039,黔源电力,,
10857,sz002571,德力股份,,
10858,sz300157,恒泰艾普,,
10859,sz300693,盛弘股份,,
10860,sh600539,ST狮头,,
10861,sh601880,大连港,,
10862,sh688015,交控科技,,
10863,sz002040,南京港,,
10864,sz002572,索菲亚,,
10865,sz300158,振东制药,,
10866,sz300694,蠡湖股份,,
10867,sh600540,新赛股份,,
10868,sh601881,中国银河,,
10869,sh688016,心脉医疗,,
10870,sz002041,登海种业,,
10871,sz002573,清新环境,,
10872,sz300159,新研股份,,
10873,sz300695,兆丰股份,,
10874,sh600543,莫高股份,,
10875,sh601882,海天精工,,
10876,sh688018,乐鑫科技,,
10877,sz002042,华孚时尚,,
10878,sz002574,明牌珠宝,,
10879,sz300160,秀强股份,,
10880,sz300696,爱乐达,,
10881,sh600545,卓郎智能,,
10882,sh601886,江河集团,,
10883,sh688019,安集科技,,
10884,sz002043,兔宝宝,,
10885,sz002575,群兴玩具,,
10886,sz300161,华中数控,,
10887,sz300697,电工合金,,
10888,sh600546,山煤国际,,
10889,sh601888,中国国旅,,
10890,sh688020,方邦股份,,
10891,sz002044,美年健康,,
10892,sz002576,通达动力,,
10893,sz300162,雷曼光电,,
10894,sz300698,万马科技,,
10895,sh600547,山东黄金,,
10896,sh601890,亚星锚链,,
10897,sh688022,瀚川智能,,
10898,sz002045,国光电器,,
10899,sz002577,雷柏科技,,
10900,sz300163,先锋新材,,
10901,sz300699,光威复材,,
10902,sh600548,深高速,,
10903,sh601898,中煤能源,,
10904,sh688029,南微医学,,
10905,sz002046,轴研科技,,
10906,sz002578,闽发铝业,,
10907,sz300164,通源石油,,
10908,sz300700,岱勒新材,,
10909,sh600549,厦门钨业,,
10910,sh601899,紫金矿业,,
10911,sh688033,天宜上佳,,
10912,sz002047,宝鹰股份,,
10913,sz002579,中京电子,,
10914,sz300165,天瑞仪器,,
10915,sz300701,森霸传感,,
10916,sh600550,保变电气,,
10917,sh601900,南方传媒,,
10918,sh688066,航天宏图,,
10919,sz002048,宁波华翔,,
10920,sz002580,圣阳股份,,
10921,sz300166,东方国信,,
10922,sz300702,天宇股份,,
10923,sh600551,时代出版,,
10924,sh601901,方正证券,,
10925,sh688088,虹软科技,,
10926,sz002049,紫光国微,,
10927,sz002581,未名医药,,
10928,sz300167,迪威迅,,
10929,sz300703,创源文化,,
10930,sh600552,凯盛科技,,
10931,sh601908,京运通,,
10932,sh688099,晶晨股份,,
10933,sz002050,三花智控,,
10934,sz002582,好想你,,
10935,sz300168,万达信息,,
10936,sz300705,九典制药,,
10937,sh600555,海航创新,,
10938,sh601918,新集能源,,
10939,sh688116,天奈科技,,
10940,sz002051,中工国际,,
10941,sz002583,海能达,,
10942,sz300169,天晟新材,,
10943,sz300706,阿石创,,
10944,sh600556,ST慧球,,
10945,sh601919,中远海控,,
10946,sh688122,西部超导,,
10947,sz002052,同洲电子,,
10948,sz002584,西陇科学,,
10949,sz300170,汉得信息,,
10950,sz300707,威唐工业,,
10951,sh600557,康缘药业,,
10952,sh601928,凤凰传媒,,
10953,sh688168,安博通,,
10954,sz002053,云南能投,,
10955,sz002585,双星新材,,
10956,sz300171,东富龙,,
10957,sz300708,聚灿光电,,
10958,sh600558,大西洋,,
10959,sh601929,吉视传媒,,
10960,sh688188,柏楚电子,,
10961,sz002054,德美化工,,
10962,sz002586,ST围海,,
10963,sz300172,中电环保,,
10964,sz300709,精研科技,,
10965,sh600559,老白干酒,,
10966,sh601933,永辉超市,,
10967,sh688333,铂力特,,
10968,sz002055,得润电子,,
10969,sz002587,奥拓电子,,
10970,sz300173,智慧松德,,
10971,sz300710,万隆光电,,
10972,sh600560,金自天正,,
10973,sh601939,建设银行,,
10974,sh688388,嘉元科技,,
10975,sz002056,横店东磁,,
10976,sz002588,史丹利,,
10977,sz300174,元力股份,,
10978,sz300711,广哈通信,,
10979,sh600561,江西长运,,
10980,sh601949,中国出版,,
10981,sz002057,中钢天源,,
10982,sz002589,瑞康医药,,
10983,sz300175,朗源股份,,
10984,sz300712,永福股份,,
10985,sh600562,国睿科技,,
10986,sh601952,苏垦农发,,
10987,sz002058,威尔泰,,
10988,sz002590,万安科技,,
10989,sz300176,派生科技,,
10990,sz300713,英可瑞,,
10991,sh600563,法拉电子,,
10992,sh601958,金钼股份,,
10993,sz002059,云南旅游,,
10994,sz002591,恒大高新,,
10995,sz300177,中海达,,
10996,sz300715,凯伦股份,,
10997,sh600565,迪马股份,,
10998,sh601965,中国汽研,,
10999,sz002060,粤水电,,
11000,sz002592,八菱科技,,
11001,sz300178,腾邦国际,,
11002,sz300716,国立科技,,
11003,sh600566,济川药业,,
11004,sh601966,玲珑轮胎,,
11005,sz002061,浙江交科,,
11006,sz002593,日上集团,,
11007,sz300179,四方达,,
11008,sz300717,华信新材,,
11009,sh600567,山鹰纸业,,
11010,sh601968,宝钢包装,,
11011,sz002062,宏润建设,,
11012,sz002594,比亚迪,,
11013,sz300180,华峰超纤,,
11014,sz300718,长盛轴承,,
11015,sh600568,中珠医疗,,
11016,sh601969,海南矿业,,
